{
   "entries": {"resourceKind": [
      {
         "resourceKindKey": "VMwareAdapter Instance",
         "internalId": "resourceKind:id:0_::_",
         "adapterKindKey": "VMWARE"
      },
      {
         "resourceKindKey": "vSphere World",
         "internalId": "resourceKind:id:1_::_",
         "adapterKindKey": "VMWARE"
      }
   ]},
   "dashboards": [{
      "shared": false,
      "temporary": false,
      "hidden": false,
      "creationTime": 1741296241111,
      "autoswitchEnabled": false,
      "importAttempts": 0,
      "lastUpdateUserId": "c60c3223-7fad-407f-9939-0fc45817233c",
      "columnProportion": "1-1",
      "importComplete": true,
      "description": "",
      "columnCount": 1,
      "widgets": [
         {
            "collapsed": false,
            "id": "99107771-3665-4912-9aa3-8398690ef6c3",
            "gridsterCoords": {
               "w": 3,
               "x": 1,
               "h": 6,
               "y": 1
            },
            "type": "ResourceList",
            "title": "Select a Scope",
            "config": {
               "refreshInterval": 300,
               "resource": [],
               "refreshContent": {"refreshContent": false},
               "relationshipMode": {"relationshipMode": 0},
               "title": "Select a Scope",
               "additionalColumns": [],
               "mode": "all",
               "filterMode": "tagPicker",
               "tagFilter": {
                  "path": [
                     "/source/kind/kind:resourceKind:id:0_::_",
                     "/source/kind/kind:resourceKind:id:1_::_"
                  ],
                  "value": {
                     "bus": [],
                     "adapterKind": [],
                     "kind": [
                        "resourceKind:id:0_::_",
                        "resourceKind:id:1_::_"
                     ],
                     "exclaim": false,
                     "healthRange": [],
                     "maintenanceSchedule": [],
                     "adapterInstance": [],
                     "collector": [],
                     "tier": [],
                     "state": [],
                     "tag": [],
                     "day": [],
                     "status": []
                  }
               },
               "depth": 1,
               "customFilter": {
                  "filter": [],
                  "excludedResources": null,
                  "includedResources": null
               },
               "selectFirstRow": {"selectFirstRow": true},
               "selfProvider": {"selfProvider": false}
            },
            "height": 324,
            "states": [{
               "value": "o%3Acolumns%3Da%253Ao%25253Aid%25253Ds%2525253Ah1%25255Ehidden%25253Db%2525253A1%25255Ewidth%25253Dn%2525253A100%255Eo%25253Aid%25253Ds%2525253Ah2%255Eo%25253Aid%25253Ds%2525253Ah3%25255Ehidden%25253Db%2525253A1%25255Ewidth%25253Dn%2525253A100%255Eo%25253Aid%25253Ds%2525253Ah4%25255Ehidden%25253Db%2525253A1%255Eo%25253Aid%25253Ds%2525253Ah5%25255Ehidden%25253Db%2525253A1%255Eo%25253Aid%25253Ds%2525253Ah6%25255Ehidden%25253Db%2525253A1%255Eo%25253Aid%25253Ds%2525253Ah7%25255Ehidden%25253Db%2525253A1%25255Ewidth%25253Dn%2525253A100%255Eo%25253Aid%25253Ds%2525253Ah8%25255Ehidden%25253Db%2525253A1%25255Ewidth%25253Dn%2525253A100%255Eo%25253Aid%25253Ds%2525253Ah9%25255Ehidden%25253Db%2525253A1%25255Ewidth%25253Dn%2525253A100%255Eo%25253Aid%25253Ds%2525253Ah10%25255Ehidden%25253Db%2525253A1%25255Ewidth%25253Dn%2525253A100%255Eo%25253Aid%25253Ds%2525253Ah11%25255Ehidden%25253Db%2525253A1%25255Ewidth%25253Dn%2525253A100%255Eo%25253Aid%25253Ds%2525253Ah12%25255Ehidden%25253Db%2525253A1%25255Ewidth%25253Dn%2525253A100%255Eo%25253Aid%25253Ds%2525253Ah13%25255Ehidden%25253Db%2525253A1%25255Ewidth%25253Dn%2525253A100%255Eo%25253Aid%25253Ds%2525253Ah14%25255Ehidden%25253Db%2525253A1%255Eo%25253Aid%25253Ds%2525253Ah15%25255Ehidden%25253Db%2525253A1%255Eo%25253Aid%25253Ds%2525253Ah16%25255Ehidden%25253Db%2525253A1%25255Ewidth%25253Dn%2525253A100%255Eo%25253Aid%25253Ds%2525253AresourceRating%25255Ehidden%25253Db%2525253A1%255Eo%25253Aid%25253Ds%2525253Ah18%25255Ehidden%25253Db%2525253A1%25255Ewidth%25253Dn%2525253A100%255Eo%25253Aid%25253Ds%2525253Ah19%25255Ehidden%25253Db%2525253A1%25255Ewidth%25253Dn%2525253A100%255Eo%25253Aid%25253Ds%2525253Ah20%25255Ehidden%25253Db%2525253A1%25255Ewidth%25253Dn%2525253A100%255Eo%25253Aid%25253Ds%2525253Ah21%25255Ehidden%25253Db%2525253A1%25255Ewidth%25253Dn%2525253A100%255Eo%25253Aid%25253Ds%2525253Ah22%25255Ehidden%25253Db%2525253A1%25255Ewidth%25253Dn%2525253A100%255Eo%25253Aid%25253Ds%2525253Ah23%25255Ehidden%25253Db%2525253A1%25255Ewidth%25253Dn%2525253A100%255Eo%25253Aid%25253Ds%2525253Ah24%25255Ehidden%25253Db%2525253A1%25255Ewidth%25253Dn%2525253A100%255Eo%25253Aid%25253Ds%2525253Ah25%25255Ehidden%25253Db%2525253A1%25255Ewidth%25253Dn%2525253A100%255Eo%25253Aid%25253Ds%2525253Ah26%25255Ehidden%25253Db%2525253A1%25255Ewidth%25253Dn%2525253A100%255Eo%25253Aid%25253Ds%2525253Ah27%25255Ehidden%25253Db%2525253A1%25255Ewidth%25253Dn%2525253A100%255Eo%25253Aid%25253Ds%2525253Ah28%25255Ehidden%25253Db%2525253A1%25255Ewidth%25253Dn%2525253A100%255Eo%25253Aid%25253Ds%2525253Ah29%25255Ehidden%25253Db%2525253A1%25255Ewidth%25253Dn%2525253A100%255Eo%25253Aid%25253Ds%2525253Ah30%25255Ehidden%25253Db%2525253A1%25255Ewidth%25253Dn%2525253A100%255Eo%25253Aid%25253Ds%2525253Ah31%25255Ehidden%25253Db%2525253A1%25255Ewidth%25253Dn%2525253A100%255Eo%25253Aid%25253Ds%2525253Ah32%25255Ehidden%25253Db%2525253A1%25255Ewidth%25253Dn%2525253A100%255Eo%25253Aid%25253Ds%2525253Ah33%25255Ehidden%25253Db%2525253A1%25255Ewidth%25253Dn%2525253A100%255Eo%25253Aid%25253Ds%2525253Ah34%25255Ehidden%25253Db%2525253A1%25255Ewidth%25253Dn%2525253A100%255Eo%25253Aid%25253Ds%2525253Ah35%25255Ehidden%25253Db%2525253A1%25255Ewidth%25253Dn%2525253A100%255Eo%25253Aid%25253Ds%2525253Ah36%25255Ehidden%25253Db%2525253A1%25255Ewidth%25253Dn%2525253A100%255Eo%25253Aid%25253Ds%2525253Ah37%25255Ehidden%25253Db%2525253A1%25255Ewidth%25253Dn%2525253A100%255Eo%25253Aid%25253Ds%2525253Ah38%25255Ehidden%25253Db%2525253A1%25255Ewidth%25253Dn%2525253A100%255Eo%25253Aid%25253Ds%2525253Ah39%25255Ehidden%25253Db%2525253A1%25255Ewidth%25253Dn%2525253A100%255Eo%25253Aid%25253Ds%2525253Ah40%25255Ehidden%25253Db%2525253A1%25255Ewidth%25253Dn%2525253A100%255Eo%25253Aid%25253Ds%2525253Ah41%25255Ehidden%25253Db%2525253A1%25255Ewidth%25253Dn%2525253A100%255Eo%25253Aid%25253Ds%2525253Ah42%25255Ehidden%25253Db%2525253A1%25255Ewidth%25253Dn%2525253A100%255Eo%25253Aid%25253Ds%2525253Ah43%25255Ehidden%25253Db%2525253A1%25255Ewidth%25253Dn%2525253A100%255Eo%25253Aid%25253Ds%2525253Ah44%25255Ehidden%25253Db%2525253A1%25255Ewidth%25253Dn%2525253A100%255Eo%25253Aid%25253Ds%2525253Ah45%25255Ehidden%25253Db%2525253A1%25255Ewidth%25253Dn%2525253A100%255Eo%25253Aid%25253Ds%2525253Ah46%25255Ehidden%25253Db%2525253A1%25255Ewidth%25253Dn%2525253A100%255Eo%25253Aid%25253Ds%2525253Ah47%25255Ehidden%25253Db%2525253A1%25255Ewidth%25253Dn%2525253A100",
               "key": "permResGrid_widget_3c8cbfc4-6d58-4fb0-8330-53760087899e_99107771-3665-4912-9aa3-8398690ef6c3"
            }]
         },
         {
            "collapsed": false,
            "id": "86160f34-328f-4177-9e29-6f8f6d18c6fb",
            "gridsterCoords": {
               "w": 5,
               "x": 5,
               "h": 6,
               "y": 1
            },
            "type": "View",
            "title": "Machines that need encryption (in selected scope)",
            "config": {
               "refreshInterval": 300,
               "resource": null,
               "traversalSpecId": "",
               "refreshContent": {"refreshContent": true},
               "isUpdatedView": true,
               "chartViewItems": [],
               "selectFirstRow": {"selectFirstRow": false},
               "selfProvider": {"selfProvider": false},
               "title": "Machines that need encryption (in selected scope)",
               "viewDefinitionId": "92330a8b-7f2d-45bb-88a0-d0c9b532767a"
            },
            "height": 324,
            "states": [{
               "value": "o%3Acolumns%3Da%253Ao%25253Aid%25253Ds%2525253ApermTableView_widget_3c8cbfc4-6d58-4fb0-8330-53760087899e_86160f34-328f-4177-9e29-6f8f6d18c6fb-column-0%25255Ehidden%25253Db%2525253A0%255Eo%25253Aid%25253Ds%2525253ApermTableView_widget_3c8cbfc4-6d58-4fb0-8330-53760087899e_86160f34-328f-4177-9e29-6f8f6d18c6fb-column-Super%25252520Metric%2525257Csm_8a009683-a4fe-4b6f-a80d-9d0de6926ae01%25255Ehidden%25253Db%2525253A0%255Eo%25253Aid%25253Ds%2525253ApermTableView_widget_3c8cbfc4-6d58-4fb0-8330-53760087899e_86160f34-328f-4177-9e29-6f8f6d18c6fb-column-summary%2525257CparentVcenter2%25255Ehidden%25253Db%2525253A0%255Eo%25253Aid%25253Ds%2525253ApermTableView_widget_3c8cbfc4-6d58-4fb0-8330-53760087899e_86160f34-328f-4177-9e29-6f8f6d18c6fb-column-summary%2525257CparentDatacenter3%25255Ehidden%25253Db%2525253A0%255Eo%25253Aid%25253Ds%2525253ApermTableView_widget_3c8cbfc4-6d58-4fb0-8330-53760087899e_86160f34-328f-4177-9e29-6f8f6d18c6fb-column-summary%2525257CparentCluster4%25255Ehidden%25253Db%2525253A0",
               "key": "permTableView_widget_3c8cbfc4-6d58-4fb0-8330-53760087899e_86160f34-328f-4177-9e29-6f8f6d18c6fb"
            }]
         },
         {
            "collapsed": false,
            "id": "92d12f93-cf22-4ce6-947d-14fe318c7947",
            "gridsterCoords": {
               "w": 4,
               "x": 1,
               "h": 12,
               "y": 7
            },
            "type": "View",
            "title": "Virtual Machine Encryption Status (in selected scope)",
            "config": {
               "refreshInterval": 300,
               "resource": null,
               "traversalSpecId": "",
               "refreshContent": {"refreshContent": true},
               "isUpdatedView": true,
               "chartViewItems": [],
               "selectFirstRow": {"selectFirstRow": false},
               "selfProvider": {"selfProvider": false},
               "title": "Virtual Machine Encryption Status (in selected scope)",
               "viewDefinitionId": "a595c802-7868-438b-b8b9-83fdb7ade1a1"
            },
            "height": 665,
            "states": [{
               "value": "o%3Acolumns%3Da%253Ao%25253Aid%25253Ds%2525253ApermTableView_widget_3c8cbfc4-6d58-4fb0-8330-53760087899e_92d12f93-cf22-4ce6-947d-14fe318c7947-column-0%25255Ehidden%25253Db%2525253A0%255Eo%25253Aid%25253Ds%2525253ApermTableView_widget_3c8cbfc4-6d58-4fb0-8330-53760087899e_92d12f93-cf22-4ce6-947d-14fe318c7947-column-Super%25252520Metric%2525257Csm_8a009683-a4fe-4b6f-a80d-9d0de6926ae01%25255Ehidden%25253Db%2525253A0%255Eo%25253Aid%25253Ds%2525253ApermTableView_widget_3c8cbfc4-6d58-4fb0-8330-53760087899e_92d12f93-cf22-4ce6-947d-14fe318c7947-column-summary%2525257CparentVcenter2%25255Ehidden%25253Db%2525253A0%255Eo%25253Aid%25253Ds%2525253ApermTableView_widget_3c8cbfc4-6d58-4fb0-8330-53760087899e_92d12f93-cf22-4ce6-947d-14fe318c7947-column-summary%2525257CparentDatacenter3%25255Ehidden%25253Db%2525253A0%255Eo%25253Aid%25253Ds%2525253ApermTableView_widget_3c8cbfc4-6d58-4fb0-8330-53760087899e_92d12f93-cf22-4ce6-947d-14fe318c7947-column-summary%2525257CparentCluster4%25255Ehidden%25253Db%2525253A0",
               "key": "permTableView_widget_3c8cbfc4-6d58-4fb0-8330-53760087899e_92d12f93-cf22-4ce6-947d-14fe318c7947"
            }]
         }
      ],
      "userId": "c60c3223-7fad-407f-9939-0fc45817233c",
      "states": [],
      "homeTab": false,
      "name": "[Custom] Virtual Machine Encryption Status",
      "gridsterMaxColumns": 12,
      "rank": 0,
      "disabled": false,
      "id": "3c8cbfc4-6d58-4fb0-8330-53760087899e",
      "locked": false,
      "dashboardNavigations": {},
      "widgetInteractions": [
         {
            "widgetIdProvider": "99107771-3665-4912-9aa3-8398690ef6c3",
            "type": "resourceId",
            "widgetIdReceiver": "92d12f93-cf22-4ce6-947d-14fe318c7947"
         },
         {
            "widgetIdProvider": "99107771-3665-4912-9aa3-8398690ef6c3",
            "type": "resourceId",
            "widgetIdReceiver": "86160f34-328f-4177-9e29-6f8f6d18c6fb"
         }
      ],
      "lastUpdateTime": 1741299745202
   }],
   "uuid": "708fb029-f809-402e-8903-442eb30d5106"
}