{
   "entries": {"resourceKind": [
      {
         "resourceKindKey": "VMwareAdapter Instance",
         "internalId": "resourceKind:id:0_::_",
         "adapterKindKey": "VMWARE"
      },
      {
         "resourceKindKey": "vSphere World",
         "internalId": "resourceKind:id:1_::_",
         "adapterKindKey": "VMWARE"
      }
   ]},
   "dashboards": [{
      "shared": false,
      "temporary": false,
      "hidden": false,
      "creationTime": 1741275649702,
      "autoswitchEnabled": false,
      "importAttempts": 0,
      "lastUpdateUserId": "c60c3223-7fad-407f-9939-0fc45817233c",
      "columnProportion": "1",
      "importComplete": true,
      "description": "",
      "columnCount": 1,
      "widgets": [
         {
            "collapsed": false,
            "id": "40cc889b-1d56-41af-92c6-3c13be0dee23",
            "gridsterCoords": {
               "w": 4,
               "x": 1,
               "h": 11,
               "y": 1
            },
            "type": "ResourceList",
            "title": "Select a vCenter",
            "config": {
               "refreshInterval": 300,
               "resource": [],
               "refreshContent": {"refreshContent": false},
               "relationshipMode": {"relationshipMode": 0},
               "additionalColumns": [],
               "title": "Select a vCenter",
               "mode": "all",
               "filterMode": "tagPicker",
               "tagFilter": {
                  "path": [
                     "/source/kind/kind:resourceKind:id:0_::_",
                     "/source/kind/kind:resourceKind:id:1_::_"
                  ],
                  "value": {
                     "bus": [],
                     "adapterKind": [],
                     "kind": [
                        "resourceKind:id:0_::_",
                        "resourceKind:id:1_::_"
                     ],
                     "exclaim": false,
                     "healthRange": [],
                     "maintenanceSchedule": [],
                     "adapterInstance": [],
                     "collector": [],
                     "tier": [],
                     "state": [],
                     "tag": [],
                     "day": [],
                     "status": []
                  }
               },
               "depth": 1,
               "customFilter": {
                  "filter": [],
                  "excludedResources": null,
                  "includedResources": null
               },
               "selectFirstRow": {"selectFirstRow": true},
               "selfProvider": {"selfProvider": false}
            },
            "height": 609,
            "states": [{
               "value": "o%3Acolumns%3Da%253Ao%25253Aid%25253Ds%2525253Ah1%25255Ehidden%25253Db%2525253A1%25255Ewidth%25253Dn%2525253A100%255Eo%25253Aid%25253Ds%2525253Ah2%255Eo%25253Aid%25253Ds%2525253Ah3%25255Ehidden%25253Db%2525253A1%25255Ewidth%25253Dn%2525253A100%255Eo%25253Aid%25253Ds%2525253Ah4%25255Ehidden%25253Db%2525253A1%255Eo%25253Aid%25253Ds%2525253Ah5%25255Ehidden%25253Db%2525253A1%255Eo%25253Aid%25253Ds%2525253Ah6%25255Ehidden%25253Db%2525253A1%255Eo%25253Aid%25253Ds%2525253Ah7%25255Ehidden%25253Db%2525253A1%25255Ewidth%25253Dn%2525253A100%255Eo%25253Aid%25253Ds%2525253Ah8%25255Ehidden%25253Db%2525253A1%25255Ewidth%25253Dn%2525253A100%255Eo%25253Aid%25253Ds%2525253Ah9%25255Ehidden%25253Db%2525253A1%25255Ewidth%25253Dn%2525253A100%255Eo%25253Aid%25253Ds%2525253Ah10%25255Ehidden%25253Db%2525253A1%25255Ewidth%25253Dn%2525253A100%255Eo%25253Aid%25253Ds%2525253Ah11%25255Ehidden%25253Db%2525253A1%25255Ewidth%25253Dn%2525253A100%255Eo%25253Aid%25253Ds%2525253Ah12%25255Ehidden%25253Db%2525253A1%25255Ewidth%25253Dn%2525253A100%255Eo%25253Aid%25253Ds%2525253Ah13%25255Ehidden%25253Db%2525253A1%25255Ewidth%25253Dn%2525253A100%255Eo%25253Aid%25253Ds%2525253Ah14%25255Ehidden%25253Db%2525253A1%255Eo%25253Aid%25253Ds%2525253Ah15%25255Ehidden%25253Db%2525253A1%255Eo%25253Aid%25253Ds%2525253Ah16%25255Ehidden%25253Db%2525253A1%25255Ewidth%25253Dn%2525253A100%255Eo%25253Aid%25253Ds%2525253AresourceRating%25255Ehidden%25253Db%2525253A1%255Eo%25253Aid%25253Ds%2525253Ah18%25255Ehidden%25253Db%2525253A1%25255Ewidth%25253Dn%2525253A100%255Eo%25253Aid%25253Ds%2525253Ah19%25255Ehidden%25253Db%2525253A1%25255Ewidth%25253Dn%2525253A100%255Eo%25253Aid%25253Ds%2525253Ah20%25255Ehidden%25253Db%2525253A1%25255Ewidth%25253Dn%2525253A100%255Eo%25253Aid%25253Ds%2525253Ah21%25255Ehidden%25253Db%2525253A1%25255Ewidth%25253Dn%2525253A100%255Eo%25253Aid%25253Ds%2525253Ah22%25255Ehidden%25253Db%2525253A1%25255Ewidth%25253Dn%2525253A100%255Eo%25253Aid%25253Ds%2525253Ah23%25255Ehidden%25253Db%2525253A1%25255Ewidth%25253Dn%2525253A100%255Eo%25253Aid%25253Ds%2525253Ah24%25255Ehidden%25253Db%2525253A1%25255Ewidth%25253Dn%2525253A100%255Eo%25253Aid%25253Ds%2525253Ah25%25255Ehidden%25253Db%2525253A1%25255Ewidth%25253Dn%2525253A100%255Eo%25253Aid%25253Ds%2525253Ah26%25255Ehidden%25253Db%2525253A1%25255Ewidth%25253Dn%2525253A100%255Eo%25253Aid%25253Ds%2525253Ah27%25255Ehidden%25253Db%2525253A1%25255Ewidth%25253Dn%2525253A100%255Eo%25253Aid%25253Ds%2525253Ah28%25255Ehidden%25253Db%2525253A1%25255Ewidth%25253Dn%2525253A100%255Eo%25253Aid%25253Ds%2525253Ah29%25255Ehidden%25253Db%2525253A1%25255Ewidth%25253Dn%2525253A100%255Eo%25253Aid%25253Ds%2525253Ah30%25255Ehidden%25253Db%2525253A1%25255Ewidth%25253Dn%2525253A100%255Eo%25253Aid%25253Ds%2525253Ah31%25255Ehidden%25253Db%2525253A1%25255Ewidth%25253Dn%2525253A100%255Eo%25253Aid%25253Ds%2525253Ah32%25255Ehidden%25253Db%2525253A1%25255Ewidth%25253Dn%2525253A100%255Eo%25253Aid%25253Ds%2525253Ah33%25255Ehidden%25253Db%2525253A1%25255Ewidth%25253Dn%2525253A100%255Eo%25253Aid%25253Ds%2525253Ah34%25255Ehidden%25253Db%2525253A1%25255Ewidth%25253Dn%2525253A100%255Eo%25253Aid%25253Ds%2525253Ah35%25255Ehidden%25253Db%2525253A1%25255Ewidth%25253Dn%2525253A100%255Eo%25253Aid%25253Ds%2525253Ah36%25255Ehidden%25253Db%2525253A1%25255Ewidth%25253Dn%2525253A100%255Eo%25253Aid%25253Ds%2525253Ah37%25255Ehidden%25253Db%2525253A1%25255Ewidth%25253Dn%2525253A100%255Eo%25253Aid%25253Ds%2525253Ah38%25255Ehidden%25253Db%2525253A1%25255Ewidth%25253Dn%2525253A100%255Eo%25253Aid%25253Ds%2525253Ah39%25255Ehidden%25253Db%2525253A1%25255Ewidth%25253Dn%2525253A100%255Eo%25253Aid%25253Ds%2525253Ah40%25255Ehidden%25253Db%2525253A1%25255Ewidth%25253Dn%2525253A100%255Eo%25253Aid%25253Ds%2525253Ah41%25255Ehidden%25253Db%2525253A1%25255Ewidth%25253Dn%2525253A100%255Eo%25253Aid%25253Ds%2525253Ah42%25255Ehidden%25253Db%2525253A1%25255Ewidth%25253Dn%2525253A100%255Eo%25253Aid%25253Ds%2525253Ah43%25255Ehidden%25253Db%2525253A1%25255Ewidth%25253Dn%2525253A100%255Eo%25253Aid%25253Ds%2525253Ah44%25255Ehidden%25253Db%2525253A1%25255Ewidth%25253Dn%2525253A100%255Eo%25253Aid%25253Ds%2525253Ah45%25255Ehidden%25253Db%2525253A1%25255Ewidth%25253Dn%2525253A100%255Eo%25253Aid%25253Ds%2525253Ah46%25255Ehidden%25253Db%2525253A1%25255Ewidth%25253Dn%2525253A100%255Eo%25253Aid%25253Ds%2525253Ah47%25255Ehidden%25253Db%2525253A1%25255Ewidth%25253Dn%2525253A100%5EstoreState%3Do%253Asorters%253Da%25253Ao%2525253Aroot%2525253Ds%252525253Adata%2525255Eproperty%2525253Ds%252525253Aname%2525255Edirection%2525253Ds%252525253AASC%2525255Eid%2525253Ds%252525253Aname",
               "key": "permResGrid_widget_ff8f49c2-7e7e-4c72-b2f6-fda80369a8c0_40cc889b-1d56-41af-92c6-3c13be0dee23"
            }]
         },
         {
            "collapsed": false,
            "id": "f9233f73-9ea4-4746-8656-720f2d96f804",
            "gridsterCoords": {
               "w": 8,
               "x": 5,
               "h": 6,
               "y": 1
            },
            "type": "View",
            "title": "Large/Old Snapshots",
            "config": {
               "refreshInterval": 300,
               "resource": null,
               "traversalSpecId": "",
               "refreshContent": {"refreshContent": false},
               "isUpdatedView": true,
               "chartViewItems": [],
               "selectFirstRow": {"selectFirstRow": true},
               "selfProvider": {"selfProvider": false},
               "title": "Large/Old Snapshots",
               "viewDefinitionId": "ccc97ab1-5d80-4413-a9e1-e94c167bc01d"
            },
            "height": 324,
            "states": [{
               "value": "o%3Acolumns%3Da%253Ao%25253Aid%25253Ds%2525253ApermTableView_widget_ff8f49c2-7e7e-4c72-b2f6-fda80369a8c0_f9233f73-9ea4-4746-8656-720f2d96f804-column-0%25255Ehidden%25253Db%2525253A0%255Eo%25253Aid%25253Ds%2525253ApermTableView_widget_ff8f49c2-7e7e-4c72-b2f6-fda80369a8c0_f9233f73-9ea4-4746-8656-720f2d96f804-column-diskspace%2525257Csnapshot1%25255Ehidden%25253Db%2525253A0%255Eo%25253Aid%25253Ds%2525253ApermTableView_widget_ff8f49c2-7e7e-4c72-b2f6-fda80369a8c0_f9233f73-9ea4-4746-8656-720f2d96f804-column-diskspace%2525257Csnapshot%2525257CsnapshotAge2%25255Ehidden%25253Db%2525253A0",
               "key": "permTableView_widget_ff8f49c2-7e7e-4c72-b2f6-fda80369a8c0_f9233f73-9ea4-4746-8656-720f2d96f804"
            }]
         },
         {
            "collapsed": false,
            "id": "af0d62a3-7f7d-4924-8a72-a6bd668ce7a6",
            "gridsterCoords": {
               "w": 8,
               "x": 5,
               "h": 5,
               "y": 7
            },
            "type": "View",
            "title": "Powered Off  (Reclaimable)",
            "config": {
               "refreshInterval": 300,
               "resource": null,
               "traversalSpecId": "",
               "refreshContent": {"refreshContent": false},
               "isUpdatedView": true,
               "chartViewItems": [],
               "selectFirstRow": {"selectFirstRow": true},
               "selfProvider": {"selfProvider": false},
               "title": "Powered Off  (Reclaimable)",
               "viewDefinitionId": "292a5639-ac47-424e-88a6-1316bff1f01a"
            },
            "height": 267,
            "states": [
               {
                  "value": "o%3Acolumns%3Da%253Ao%25253Aid%25253Ds%2525253ApermTableView_widget_ff8f49c2-7e7e-4c72-b2f6-fda80369a8c0_af0d62a3-7f7d-4924-8a72-a6bd668ce7a6-column-0%25255Ehidden%25253Db%2525253A0%255Eo%25253Aid%25253Ds%2525253ApermTableView_widget_ff8f49c2-7e7e-4c72-b2f6-fda80369a8c0_af0d62a3-7f7d-4924-8a72-a6bd668ce7a6-column-summary%2525257Cruntime%2525257CpowerState1%25255Ehidden%25253Db%2525253A0%255Eo%25253Aid%25253Ds%2525253ApermTableView_widget_ff8f49c2-7e7e-4c72-b2f6-fda80369a8c0_af0d62a3-7f7d-4924-8a72-a6bd668ce7a6-column-config%2525257Chardware%2525257Cnum_Cpu2%25255Ehidden%25253Db%2525253A0%255Eo%25253Aid%25253Ds%2525253ApermTableView_widget_ff8f49c2-7e7e-4c72-b2f6-fda80369a8c0_af0d62a3-7f7d-4924-8a72-a6bd668ce7a6-column-config%2525257Chardware%2525257Cdisk_Space3%25255Ehidden%25253Db%2525253A0%255Eo%25253Aid%25253Ds%2525253ApermTableView_widget_ff8f49c2-7e7e-4c72-b2f6-fda80369a8c0_af0d62a3-7f7d-4924-8a72-a6bd668ce7a6-column-config%2525257Chardware%2525257CmemoryKB4%25255Ehidden%25253Db%2525253A0",
                  "key": "permTableView_widget_ff8f49c2-7e7e-4c72-b2f6-fda80369a8c0_af0d62a3-7f7d-4924-8a72-a6bd668ce7a6"
               },
               {
                  "value": "s%3A%7B%22minType%22%3A%22.TimeIntervalControl%22%2C%22advancedTimeMode%22%3Afalse%2C%22fromTime%22%3Anull%2C%22unit%22%3A%22DAYS%22%2C%22count%22%3A7%2C%22priorUnit%22%3Anull%2C%22priorCount%22%3Anull%2C%22startSubUnit%22%3Anull%2C%22startPeriod%22%3Anull%2C%22toTime%22%3Anull%2C%22endUnit%22%3Anull%2C%22endCount%22%3Anull%2C%22endSubUnit%22%3Anull%2C%22endPeriod%22%3Anull%2C%22isRealTimeData%22%3Anull%2C%22mondayHours%22%3A%5B%5D%2C%22tuesdayHours%22%3A%5B%5D%2C%22wednesdayHours%22%3A%5B%5D%2C%22thursdayHours%22%3A%5B%5D%2C%22fridayHours%22%3A%5B%5D%2C%22saturdayHours%22%3A%5B%5D%2C%22sundayHours%22%3A%5B%5D%7D",
                  "key": "permSelectedDate_widget_ff8f49c2-7e7e-4c72-b2f6-fda80369a8c0_af0d62a3-7f7d-4924-8a72-a6bd668ce7a6"
               }
            ]
         },
         {
            "collapsed": false,
            "id": "d70dd2f3-7f3b-4c71-a87a-31569e512e38",
            "gridsterCoords": {
               "w": 12,
               "x": 1,
               "h": 6,
               "y": 12
            },
            "type": "View",
            "title": "Oversized VMs",
            "config": {
               "refreshInterval": 300,
               "resource": null,
               "traversalSpecId": "",
               "refreshContent": {"refreshContent": true},
               "isUpdatedView": true,
               "chartViewItems": [],
               "selectFirstRow": {"selectFirstRow": false},
               "selfProvider": {"selfProvider": false},
               "title": "Oversized VMs",
               "viewDefinitionId": "1d5cb324-fc70-4a5e-9825-aca0e08ab434"
            },
            "height": 324,
            "states": [
               {
                  "value": "s%3A%7B%22minType%22%3A%22.TimeIntervalControl%22%2C%22advancedTimeMode%22%3Afalse%2C%22fromTime%22%3Anull%2C%22unit%22%3A%22DAYS%22%2C%22count%22%3A90%2C%22priorUnit%22%3Anull%2C%22priorCount%22%3Anull%2C%22startSubUnit%22%3Anull%2C%22startPeriod%22%3Anull%2C%22toTime%22%3Anull%2C%22endUnit%22%3Anull%2C%22endCount%22%3Anull%2C%22endSubUnit%22%3Anull%2C%22endPeriod%22%3Anull%2C%22isRealTimeData%22%3Anull%2C%22mondayHours%22%3A%5B%5D%2C%22tuesdayHours%22%3A%5B%5D%2C%22wednesdayHours%22%3A%5B%5D%2C%22thursdayHours%22%3A%5B%5D%2C%22fridayHours%22%3A%5B%5D%2C%22saturdayHours%22%3A%5B%5D%2C%22sundayHours%22%3A%5B%5D%7D",
                  "key": "permSelectedDate_widget_ff8f49c2-7e7e-4c72-b2f6-fda80369a8c0_d70dd2f3-7f3b-4c71-a87a-31569e512e38"
               },
               {
                  "value": "o%3Acolumns%3Da%253Ao%25253Aid%25253Ds%2525253ApermTableView_widget_ff8f49c2-7e7e-4c72-b2f6-fda80369a8c0_d70dd2f3-7f3b-4c71-a87a-31569e512e38-column-0%25255Ehidden%25253Db%2525253A0%255Eo%25253Aid%25253Ds%2525253ApermTableView_widget_ff8f49c2-7e7e-4c72-b2f6-fda80369a8c0_d70dd2f3-7f3b-4c71-a87a-31569e512e38-column-config%2525257Chardware%2525257CnumCpu1%25255Ehidden%25253Db%2525253A0%255Eo%25253Aid%25253Ds%2525253ApermTableView_widget_ff8f49c2-7e7e-4c72-b2f6-fda80369a8c0_d70dd2f3-7f3b-4c71-a87a-31569e512e38-column-summary%2525257Coversized%2525257Cvcpus2%25255Ehidden%25253Db%2525253A0%255Eo%25253Aid%25253Ds%2525253ApermTableView_widget_ff8f49c2-7e7e-4c72-b2f6-fda80369a8c0_d70dd2f3-7f3b-4c71-a87a-31569e512e38-column-cpu%2525257Cusage_average3%25255Ehidden%25253Db%2525253A0%255Eo%25253Aid%25253Ds%2525253ApermTableView_widget_ff8f49c2-7e7e-4c72-b2f6-fda80369a8c0_d70dd2f3-7f3b-4c71-a87a-31569e512e38-column-cpu%2525257Cusage_average4%25255Ehidden%25253Db%2525253A0%255Eo%25253Aid%25253Ds%2525253ApermTableView_widget_ff8f49c2-7e7e-4c72-b2f6-fda80369a8c0_d70dd2f3-7f3b-4c71-a87a-31569e512e38-column-cpu%2525257Cusage_average5%25255Ehidden%25253Db%2525253A0%255Eo%25253Aid%25253Ds%2525253ApermTableView_widget_ff8f49c2-7e7e-4c72-b2f6-fda80369a8c0_d70dd2f3-7f3b-4c71-a87a-31569e512e38-column-config%2525257Chardware%2525257CmemoryKB6%25255Ehidden%25253Db%2525253A0%255Eo%25253Aid%25253Ds%2525253ApermTableView_widget_ff8f49c2-7e7e-4c72-b2f6-fda80369a8c0_d70dd2f3-7f3b-4c71-a87a-31569e512e38-column-summary%2525257Coversized%2525257Cmemory7%25255Ehidden%25253Db%2525253A0%255Eo%25253Aid%25253Ds%2525253ApermTableView_widget_ff8f49c2-7e7e-4c72-b2f6-fda80369a8c0_d70dd2f3-7f3b-4c71-a87a-31569e512e38-column-mem%2525257Cusage_average8%25255Ehidden%25253Db%2525253A0%255Eo%25253Aid%25253Ds%2525253ApermTableView_widget_ff8f49c2-7e7e-4c72-b2f6-fda80369a8c0_d70dd2f3-7f3b-4c71-a87a-31569e512e38-column-mem%2525257Cusage_average9%25255Ehidden%25253Db%2525253A0%255Eo%25253Aid%25253Ds%2525253ApermTableView_widget_ff8f49c2-7e7e-4c72-b2f6-fda80369a8c0_d70dd2f3-7f3b-4c71-a87a-31569e512e38-column-mem%2525257Cusage_average10%25255Ehidden%25253Db%2525253A0",
                  "key": "permTableView_widget_ff8f49c2-7e7e-4c72-b2f6-fda80369a8c0_d70dd2f3-7f3b-4c71-a87a-31569e512e38"
               }
            ]
         },
         {
            "collapsed": false,
            "id": "dc6519a8-e18b-4e52-83c8-ddde98acf9fe",
            "gridsterCoords": {
               "w": 12,
               "x": 1,
               "h": 6,
               "y": 18
            },
            "type": "View",
            "title": "Undersized VMs",
            "config": {
               "refreshInterval": 300,
               "resource": null,
               "traversalSpecId": "",
               "refreshContent": {"refreshContent": true},
               "isUpdatedView": true,
               "chartViewItems": [],
               "selectFirstRow": {"selectFirstRow": false},
               "selfProvider": {"selfProvider": false},
               "title": "Undersized VMs",
               "viewDefinitionId": "e56a013a-81cf-44f4-a9e3-1777146f5249"
            },
            "height": 324,
            "states": [
               {
                  "value": "n%3A10",
                  "key": "permPageSize_widget_ff8f49c2-7e7e-4c72-b2f6-fda80369a8c0_dc6519a8-e18b-4e52-83c8-ddde98acf9fe"
               },
               {
                  "value": "s%3A%7B%22minType%22%3A%22.TimeIntervalControl%22%2C%22advancedTimeMode%22%3Atrue%2C%22fromTime%22%3Anull%2C%22unit%22%3A%22DAYS%22%2C%22count%22%3A7%2C%22priorUnit%22%3Anull%2C%22priorCount%22%3Anull%2C%22startSubUnit%22%3Anull%2C%22startPeriod%22%3A%22PREVIOUS%22%2C%22toTime%22%3Anull%2C%22endUnit%22%3Anull%2C%22endCount%22%3Anull%2C%22endSubUnit%22%3Anull%2C%22endPeriod%22%3A%22NOW%22%2C%22isRealTimeData%22%3Anull%2C%22mondayHours%22%3A%5B%7B%22startHour%22%3A7%2C%22startMinute%22%3A0%2C%22endHour%22%3A0%2C%22endMinute%22%3A0%7D%5D%2C%22tuesdayHours%22%3A%5B%7B%22startHour%22%3A7%2C%22startMinute%22%3A0%2C%22endHour%22%3A0%2C%22endMinute%22%3A0%7D%5D%2C%22wednesdayHours%22%3A%5B%7B%22startHour%22%3A0%2C%22startMinute%22%3A0%2C%22endHour%22%3A0%2C%22endMinute%22%3A0%7D%5D%2C%22thursdayHours%22%3A%5B%7B%22startHour%22%3A0%2C%22startMinute%22%3A0%2C%22endHour%22%3A0%2C%22endMinute%22%3A0%7D%5D%2C%22fridayHours%22%3A%5B%7B%22startHour%22%3A0%2C%22startMinute%22%3A0%2C%22endHour%22%3A0%2C%22endMinute%22%3A0%7D%5D%2C%22saturdayHours%22%3A%5B%5D%2C%22sundayHours%22%3A%5B%5D%7D",
                  "key": "permSelectedDate_widget_ff8f49c2-7e7e-4c72-b2f6-fda80369a8c0_dc6519a8-e18b-4e52-83c8-ddde98acf9fe"
               },
               {
                  "value": "o%3Acolumns%3Da%253Ao%25253Aid%25253Ds%2525253ApermTableView_widget_ff8f49c2-7e7e-4c72-b2f6-fda80369a8c0_dc6519a8-e18b-4e52-83c8-ddde98acf9fe-column-0%25255Ehidden%25253Db%2525253A0%255Eo%25253Aid%25253Ds%2525253ApermTableView_widget_ff8f49c2-7e7e-4c72-b2f6-fda80369a8c0_dc6519a8-e18b-4e52-83c8-ddde98acf9fe-column-config%2525257Chardware%2525257CnumCpu1%25255Ehidden%25253Db%2525253A0%255Eo%25253Aid%25253Ds%2525253ApermTableView_widget_ff8f49c2-7e7e-4c72-b2f6-fda80369a8c0_dc6519a8-e18b-4e52-83c8-ddde98acf9fe-column-summary%2525257Cundersized%2525257Cvcpus2%25255Ehidden%25253Db%2525253A0%255Eo%25253Aid%25253Ds%2525253ApermTableView_widget_ff8f49c2-7e7e-4c72-b2f6-fda80369a8c0_dc6519a8-e18b-4e52-83c8-ddde98acf9fe-column-cpu%2525257Cusage_average3%25255Ehidden%25253Db%2525253A0%255Eo%25253Aid%25253Ds%2525253ApermTableView_widget_ff8f49c2-7e7e-4c72-b2f6-fda80369a8c0_dc6519a8-e18b-4e52-83c8-ddde98acf9fe-column-cpu%2525257Cusage_average4%25255Ehidden%25253Db%2525253A0%255Eo%25253Aid%25253Ds%2525253ApermTableView_widget_ff8f49c2-7e7e-4c72-b2f6-fda80369a8c0_dc6519a8-e18b-4e52-83c8-ddde98acf9fe-column-cpu%2525257Cusage_average5%25255Ehidden%25253Db%2525253A0%255Eo%25253Aid%25253Ds%2525253ApermTableView_widget_ff8f49c2-7e7e-4c72-b2f6-fda80369a8c0_dc6519a8-e18b-4e52-83c8-ddde98acf9fe-column-config%2525257Chardware%2525257CmemoryKB6%25255Ehidden%25253Db%2525253A0%255Eo%25253Aid%25253Ds%2525253ApermTableView_widget_ff8f49c2-7e7e-4c72-b2f6-fda80369a8c0_dc6519a8-e18b-4e52-83c8-ddde98acf9fe-column-summary%2525257Cundersized%2525257Cmemory7%25255Ehidden%25253Db%2525253A0%255Eo%25253Aid%25253Ds%2525253ApermTableView_widget_ff8f49c2-7e7e-4c72-b2f6-fda80369a8c0_dc6519a8-e18b-4e52-83c8-ddde98acf9fe-column-mem%2525257Cusage_average8%25255Ehidden%25253Db%2525253A0%255Eo%25253Aid%25253Ds%2525253ApermTableView_widget_ff8f49c2-7e7e-4c72-b2f6-fda80369a8c0_dc6519a8-e18b-4e52-83c8-ddde98acf9fe-column-mem%2525257Cusage_average9%25255Ehidden%25253Db%2525253A0%255Eo%25253Aid%25253Ds%2525253ApermTableView_widget_ff8f49c2-7e7e-4c72-b2f6-fda80369a8c0_dc6519a8-e18b-4e52-83c8-ddde98acf9fe-column-mem%2525257Cusage_average10%25255Ehidden%25253Db%2525253A0",
                  "key": "permTableView_widget_ff8f49c2-7e7e-4c72-b2f6-fda80369a8c0_dc6519a8-e18b-4e52-83c8-ddde98acf9fe"
               }
            ]
         }
      ],
      "userId": "c60c3223-7fad-407f-9939-0fc45817233c",
      "states": [],
      "homeTab": false,
      "name": "[Custom] Resource Optimization",
      "gridsterMaxColumns": 12,
      "rank": 0,
      "disabled": false,
      "id": "ff8f49c2-7e7e-4c72-b2f6-fda80369a8c0",
      "locked": false,
      "dashboardNavigations": {},
      "widgetInteractions": [
         {
            "widgetIdProvider": "40cc889b-1d56-41af-92c6-3c13be0dee23",
            "type": "resourceId",
            "widgetIdReceiver": "f9233f73-9ea4-4746-8656-720f2d96f804"
         },
         {
            "widgetIdProvider": "40cc889b-1d56-41af-92c6-3c13be0dee23",
            "type": "resourceId",
            "widgetIdReceiver": "af0d62a3-7f7d-4924-8a72-a6bd668ce7a6"
         },
         {
            "widgetIdProvider": "40cc889b-1d56-41af-92c6-3c13be0dee23",
            "type": "resourceId",
            "widgetIdReceiver": "d70dd2f3-7f3b-4c71-a87a-31569e512e38"
         },
         {
            "widgetIdProvider": "40cc889b-1d56-41af-92c6-3c13be0dee23",
            "type": "resourceId",
            "widgetIdReceiver": "dc6519a8-e18b-4e52-83c8-ddde98acf9fe"
         }
      ],
      "lastUpdateTime": 1741275649526
   }],
   "uuid": "b1edeb0b-8149-4653-b400-eac9cf56cd02"
}