{
   "customGroups": [{
      "resourceKind": "Function",
      "membershipDefinition": {"ruleGroups": [{
         "resourceKind": "DistributedVirtualPortgroup",
         "adapterKind": "VMWARE",
         "rules": [{
            "ruleType": "StringMetricPropertyRule",
            "ruleMetricKey": "config|backing_type",
            "isProperty": true,
            "ruleStringOperator": "EQUALS",
            "ruleStringValue": "standard"
         }]
      }]},
      "adapterKind": "Container",
      "autoResolveMembership": true,
      "name": "[Custom] Standard PGs",
      "description": "",
      "started": true
   }],
   "customGroupTypes": [{
      "resourceKind": "Function",
      "localization": [
         {
            "resourceKindName": "Funktion",
            "locale": "de"
         },
         {
            "resourceKindName": "功能",
            "locale": "zh_TW"
         },
         {
            "resourceKindName": "기능",
            "locale": "ko"
         },
         {
            "resourceKindName": "機能",
            "locale": "ja"
         },
         {
            "resourceKindName": "Function",
            "locale": "en"
         },
         {
            "resourceKindName": "功能",
            "locale": "zh_CN"
         },
         {
            "resourceKindName": "Fonction",
            "locale": "fr"
         },
         {
            "resourceKindName": "Función",
            "locale": "es"
         }
      ]
   }]
}