{
   "entries": {
      "resourceKind": [{
         "resourceKindKey": "Service Level Objective",
         "internalId": "resourceKind:id:0_::_",
         "adapterKindKey": "Container"
      }],
      "resource": [{
         "resourceKindKey": "Service Level Objective",
         "internalId": "resource:id:0_::_",
         "adapterKindKey": "Container",
         "identifiers": [],
         "name": "Host Group 1"
      }]
   },
   "dashboards": [{
      "shared": false,
      "temporary": false,
      "hidden": false,
      "creationTime": 1733160679403,
      "autoswitchEnabled": false,
      "importAttempts": 0,
      "lastUpdateUserId": "c849b780-cf67-4462-8dc5-ebcbb0da533e",
      "columnProportion": "1-1",
      "importComplete": true,
      "description": "",
      "columnCount": 1,
      "widgets": [
         {
            "collapsed": false,
            "id": "4043b201-e595-44c6-8518-58388caed0bd",
            "gridsterCoords": {
               "w": 4,
               "x": 1,
               "h": 6,
               "y": 7
            },
            "type": "View",
            "title": "Show host by selected Group",
            "config": {
               "refreshInterval": 300,
               "resource": null,
               "traversalSpecId": "",
               "refreshContent": {"refreshContent": true},
               "isUpdatedView": true,
               "chartViewItems": [],
               "selectFirstRow": {"selectFirstRow": false},
               "selfProvider": {"selfProvider": false},
               "title": "Show host by selected Group",
               "viewDefinitionId": "a756b4fe-3b17-41b0-9644-e5e301dab729"
            },
            "height": 324,
            "states": [{
               "value": "o%3Acolumns%3Da%253Ao%25253Aid%25253Ds%2525253ApermTableView_widget_4f1013ce-b8fe-4fff-9d84-ee78e52986ad_4043b201-e595-44c6-8518-58388caed0bd-column-0%25255Ehidden%25253Db%2525253A0%255Eo%25253Aid%25253Ds%2525253ApermTableView_widget_4f1013ce-b8fe-4fff-9d84-ee78e52986ad_4043b201-e595-44c6-8518-58388caed0bd-column-badge%2525257Chealth1%25255Ehidden%25253Db%2525253A0%255Eo%25253Aid%25253Ds%2525253ApermTableView_widget_4f1013ce-b8fe-4fff-9d84-ee78e52986ad_4043b201-e595-44c6-8518-58388caed0bd-column-badge%2525257Ccompliance2%25255Ehidden%25253Db%2525253A0%255Eo%25253Aid%25253Ds%2525253ApermTableView_widget_4f1013ce-b8fe-4fff-9d84-ee78e52986ad_4043b201-e595-44c6-8518-58388caed0bd-column-hardware%2525257CvendorModel3%25255Ehidden%25253Db%2525253A0%255Eo%25253Aid%25253Ds%2525253ApermTableView_widget_4f1013ce-b8fe-4fff-9d84-ee78e52986ad_4043b201-e595-44c6-8518-58388caed0bd-column-summary%2525257CparentVcenter4%25255Ehidden%25253Db%2525253A0%255Eo%25253Aid%25253Ds%2525253ApermTableView_widget_4f1013ce-b8fe-4fff-9d84-ee78e52986ad_4043b201-e595-44c6-8518-58388caed0bd-column-summary%2525257CparentCluster5%25255Ehidden%25253Db%2525253A0%255Eo%25253Aid%25253Ds%2525253ApermTableView_widget_4f1013ce-b8fe-4fff-9d84-ee78e52986ad_4043b201-e595-44c6-8518-58388caed0bd-column-summary%2525257Ctotal_number_vms6%25255Ehidden%25253Db%2525253A0%255Eo%25253Aid%25253Ds%2525253ApermTableView_widget_4f1013ce-b8fe-4fff-9d84-ee78e52986ad_4043b201-e595-44c6-8518-58388caed0bd-column-runtime%2525257CmaintenanceState7%25255Ehidden%25253Db%2525253A0%255Eo%25253Aid%25253Ds%2525253ApermTableView_widget_4f1013ce-b8fe-4fff-9d84-ee78e52986ad_4043b201-e595-44c6-8518-58388caed0bd-column-runtime%2525257CconnectionState8%25255Ehidden%25253Db%2525253A0%255Eo%25253Aid%25253Ds%2525253ApermTableView_widget_4f1013ce-b8fe-4fff-9d84-ee78e52986ad_4043b201-e595-44c6-8518-58388caed0bd-column-config%2525257Csecurity%2525257Cservice%2525253ASSH%2525257CisRunning9%25255Ehidden%25253Db%2525253A0%255Eo%25253Aid%25253Ds%2525253ApermTableView_widget_4f1013ce-b8fe-4fff-9d84-ee78e52986ad_4043b201-e595-44c6-8518-58388caed0bd-column-config%2525257Csecurity%2525257Csyslog_dir10%25255Ehidden%25253Db%2525253A0%255Eo%25253Aid%25253Ds%2525253ApermTableView_widget_4f1013ce-b8fe-4fff-9d84-ee78e52986ad_4043b201-e595-44c6-8518-58388caed0bd-column-config%2525257Csecurity%2525257Csyslog_host11%25255Ehidden%25253Db%2525253A0%255Eo%25253Aid%25253Ds%2525253ApermTableView_widget_4f1013ce-b8fe-4fff-9d84-ee78e52986ad_4043b201-e595-44c6-8518-58388caed0bd-column-config%2525257Csecurity%2525257CntpServer12%25255Ehidden%25253Db%2525253A0%255Eo%25253Aid%25253Ds%2525253ApermTableView_widget_4f1013ce-b8fe-4fff-9d84-ee78e52986ad_4043b201-e595-44c6-8518-58388caed0bd-column-config%2525257Csecurity%2525257Cservice%2525253ANTP%25252520Daemon%2525257CisRunning13%25255Ehidden%25253Db%2525253A0",
               "key": "permTableView_widget_4f1013ce-b8fe-4fff-9d84-ee78e52986ad_4043b201-e595-44c6-8518-58388caed0bd"
            }]
         },
         {
            "collapsed": false,
            "id": "7a40a567-2346-4fdc-bb96-76745337e3f7",
            "gridsterCoords": {
               "w": 4,
               "x": 1,
               "h": 6,
               "y": 1
            },
            "type": "ResourceList",
            "title": "Select a Host Group",
            "config": {
               "refreshInterval": 300,
               "resource": [],
               "refreshContent": {"refreshContent": false},
               "relationshipMode": {"relationshipMode": 0},
               "title": "Select a Host Group",
               "additionalColumns": [],
               "mode": "all",
               "filterMode": "tagPicker",
               "tagFilter": {
                  "path": ["/source/kind/kind:resourceKind:id:0_::_"],
                  "value": {
                     "bus": [],
                     "adapterKind": [],
                     "kind": ["resourceKind:id:0_::_"],
                     "exclaim": false,
                     "healthRange": [],
                     "maintenanceSchedule": [],
                     "adapterInstance": [],
                     "collector": [],
                     "tier": [],
                     "state": [],
                     "tag": [],
                     "day": [],
                     "status": []
                  }
               },
               "depth": 1,
               "customFilter": {
                  "filter": [],
                  "excludedResources": null,
                  "includedResources": null
               },
               "selectFirstRow": {"selectFirstRow": false},
               "selfProvider": {"selfProvider": false}
            },
            "height": 324,
            "states": [{
               "value": "o%3Acolumns%3Da%253Ao%25253Aid%25253Ds%2525253Ah1%25255Ehidden%25253Db%2525253A1%25255Ewidth%25253Dn%2525253A100%255Eo%25253Aid%25253Ds%2525253Ah2%255Eo%25253Aid%25253Ds%2525253Ah3%25255Ehidden%25253Db%2525253A1%25255Ewidth%25253Dn%2525253A100%255Eo%25253Aid%25253Ds%2525253Ah4%255Eo%25253Aid%25253Ds%2525253Ah5%255Eo%25253Aid%25253Ds%2525253Ah6%255Eo%25253Aid%25253Ds%2525253Ah7%25255Ehidden%25253Db%2525253A1%25255Ewidth%25253Dn%2525253A100%255Eo%25253Aid%25253Ds%2525253Ah8%25255Ehidden%25253Db%2525253A1%25255Ewidth%25253Dn%2525253A100%255Eo%25253Aid%25253Ds%2525253Ah9%25255Ehidden%25253Db%2525253A1%25255Ewidth%25253Dn%2525253A100%255Eo%25253Aid%25253Ds%2525253Ah10%25255Ehidden%25253Db%2525253A1%25255Ewidth%25253Dn%2525253A100%255Eo%25253Aid%25253Ds%2525253Ah11%25255Ehidden%25253Db%2525253A1%25255Ewidth%25253Dn%2525253A100%255Eo%25253Aid%25253Ds%2525253Ah12%25255Ehidden%25253Db%2525253A1%25255Ewidth%25253Dn%2525253A100%255Eo%25253Aid%25253Ds%2525253Ah13%25255Ehidden%25253Db%2525253A1%25255Ewidth%25253Dn%2525253A100%255Eo%25253Aid%25253Ds%2525253Ah14%255Eo%25253Aid%25253Ds%2525253Ah15%25255Ehidden%25253Db%2525253A0%255Eo%25253Aid%25253Ds%2525253Ah16%25255Ehidden%25253Db%2525253A1%25255Ewidth%25253Dn%2525253A100%255Eo%25253Aid%25253Ds%2525253AresourceRating%25255Ehidden%25253Db%2525253A1%255Eo%25253Aid%25253Ds%2525253Ah18%25255Ehidden%25253Db%2525253A1%25255Ewidth%25253Dn%2525253A100%255Eo%25253Aid%25253Ds%2525253Ah19%25255Ehidden%25253Db%2525253A1%25255Ewidth%25253Dn%2525253A100%255Eo%25253Aid%25253Ds%2525253Ah20%25255Ehidden%25253Db%2525253A1%25255Ewidth%25253Dn%2525253A100%255Eo%25253Aid%25253Ds%2525253Ah21%25255Ehidden%25253Db%2525253A1%25255Ewidth%25253Dn%2525253A100%255Eo%25253Aid%25253Ds%2525253Ah22%25255Ehidden%25253Db%2525253A1%25255Ewidth%25253Dn%2525253A100%255Eo%25253Aid%25253Ds%2525253Ah23%25255Ehidden%25253Db%2525253A1%25255Ewidth%25253Dn%2525253A100%255Eo%25253Aid%25253Ds%2525253Ah24%25255Ehidden%25253Db%2525253A1%25255Ewidth%25253Dn%2525253A100%255Eo%25253Aid%25253Ds%2525253Ah25%25255Ehidden%25253Db%2525253A1%25255Ewidth%25253Dn%2525253A100%255Eo%25253Aid%25253Ds%2525253Ah26%25255Ehidden%25253Db%2525253A1%25255Ewidth%25253Dn%2525253A100%255Eo%25253Aid%25253Ds%2525253Ah27%25255Ehidden%25253Db%2525253A1%25255Ewidth%25253Dn%2525253A100%255Eo%25253Aid%25253Ds%2525253Ah28%25255Ehidden%25253Db%2525253A1%25255Ewidth%25253Dn%2525253A100%255Eo%25253Aid%25253Ds%2525253Ah29%25255Ehidden%25253Db%2525253A1%25255Ewidth%25253Dn%2525253A100%255Eo%25253Aid%25253Ds%2525253Ah30%25255Ehidden%25253Db%2525253A1%25255Ewidth%25253Dn%2525253A100%255Eo%25253Aid%25253Ds%2525253Ah31%25255Ehidden%25253Db%2525253A1%25255Ewidth%25253Dn%2525253A100%255Eo%25253Aid%25253Ds%2525253Ah32%25255Ehidden%25253Db%2525253A1%25255Ewidth%25253Dn%2525253A100%255Eo%25253Aid%25253Ds%2525253Ah33%25255Ehidden%25253Db%2525253A1%25255Ewidth%25253Dn%2525253A100%255Eo%25253Aid%25253Ds%2525253Ah34%25255Ehidden%25253Db%2525253A1%25255Ewidth%25253Dn%2525253A100%255Eo%25253Aid%25253Ds%2525253Ah35%25255Ehidden%25253Db%2525253A1%25255Ewidth%25253Dn%2525253A100%255Eo%25253Aid%25253Ds%2525253Ah36%25255Ehidden%25253Db%2525253A1%25255Ewidth%25253Dn%2525253A100%255Eo%25253Aid%25253Ds%2525253Ah37%25255Ehidden%25253Db%2525253A1%25255Ewidth%25253Dn%2525253A100%255Eo%25253Aid%25253Ds%2525253Ah38%25255Ehidden%25253Db%2525253A1%25255Ewidth%25253Dn%2525253A100%255Eo%25253Aid%25253Ds%2525253Ah39%25255Ehidden%25253Db%2525253A1%25255Ewidth%25253Dn%2525253A100%255Eo%25253Aid%25253Ds%2525253Ah40%25255Ehidden%25253Db%2525253A1%25255Ewidth%25253Dn%2525253A100%255Eo%25253Aid%25253Ds%2525253Ah41%25255Ehidden%25253Db%2525253A1%25255Ewidth%25253Dn%2525253A100%255Eo%25253Aid%25253Ds%2525253Ah42%25255Ehidden%25253Db%2525253A1%25255Ewidth%25253Dn%2525253A100%255Eo%25253Aid%25253Ds%2525253Ah43%25255Ehidden%25253Db%2525253A1%25255Ewidth%25253Dn%2525253A100%255Eo%25253Aid%25253Ds%2525253Ah44%25255Ehidden%25253Db%2525253A1%25255Ewidth%25253Dn%2525253A100%255Eo%25253Aid%25253Ds%2525253Ah45%25255Ehidden%25253Db%2525253A1%25255Ewidth%25253Dn%2525253A100%255Eo%25253Aid%25253Ds%2525253Ah46%25255Ehidden%25253Db%2525253A1%25255Ewidth%25253Dn%2525253A100%255Eo%25253Aid%25253Ds%2525253Ah47%25255Ehidden%25253Db%2525253A1%25255Ewidth%25253Dn%2525253A100",
               "key": "permResGrid_widget_4f1013ce-b8fe-4fff-9d84-ee78e52986ad_7a40a567-2346-4fdc-bb96-76745337e3f7"
            }]
         },
         {
            "collapsed": false,
            "id": "a87502a3-21a6-44d6-9668-90275081776b",
            "gridsterCoords": {
               "w": 4,
               "x": 5,
               "h": 6,
               "y": 1
            },
            "type": "View",
            "title": "Self-Provided w/ Static Selected Group",
            "config": {
               "refreshInterval": 300,
               "resource": {
                  "resourceId": "resource:id:0_::_",
                  "traversalSpecId": "",
                  "resourceName": "Host Group 1",
                  "resourceKindId": "002009ContainerService Level Objective",
                  "id": "Ext.vcops.chrome.model.Resource-3"
               },
               "traversalSpecId": null,
               "refreshContent": {"refreshContent": false},
               "isUpdatedView": true,
               "chartViewItems": [],
               "selectFirstRow": {"selectFirstRow": true},
               "selfProvider": {"selfProvider": true},
               "title": "Self-Provided w/ Static Selected Group",
               "viewDefinitionId": "a756b4fe-3b17-41b0-9644-e5e301dab729"
            },
            "height": 324,
            "states": [{
               "value": "o%3Acolumns%3Da%253Ao%25253Aid%25253Ds%2525253ApermTableView_widget_4f1013ce-b8fe-4fff-9d84-ee78e52986ad_a87502a3-21a6-44d6-9668-90275081776b-column-0%25255Ehidden%25253Db%2525253A0%255Eo%25253Aid%25253Ds%2525253ApermTableView_widget_4f1013ce-b8fe-4fff-9d84-ee78e52986ad_a87502a3-21a6-44d6-9668-90275081776b-column-badge%2525257Chealth1%25255Ehidden%25253Db%2525253A0%255Eo%25253Aid%25253Ds%2525253ApermTableView_widget_4f1013ce-b8fe-4fff-9d84-ee78e52986ad_a87502a3-21a6-44d6-9668-90275081776b-column-badge%2525257Ccompliance2%25255Ehidden%25253Db%2525253A0%255Eo%25253Aid%25253Ds%2525253ApermTableView_widget_4f1013ce-b8fe-4fff-9d84-ee78e52986ad_a87502a3-21a6-44d6-9668-90275081776b-column-hardware%2525257CvendorModel3%25255Ehidden%25253Db%2525253A0%255Eo%25253Aid%25253Ds%2525253ApermTableView_widget_4f1013ce-b8fe-4fff-9d84-ee78e52986ad_a87502a3-21a6-44d6-9668-90275081776b-column-summary%2525257CparentVcenter4%25255Ehidden%25253Db%2525253A0%255Eo%25253Aid%25253Ds%2525253ApermTableView_widget_4f1013ce-b8fe-4fff-9d84-ee78e52986ad_a87502a3-21a6-44d6-9668-90275081776b-column-summary%2525257CparentCluster5%25255Ehidden%25253Db%2525253A0%255Eo%25253Aid%25253Ds%2525253ApermTableView_widget_4f1013ce-b8fe-4fff-9d84-ee78e52986ad_a87502a3-21a6-44d6-9668-90275081776b-column-summary%2525257Ctotal_number_vms6%25255Ehidden%25253Db%2525253A0%255Eo%25253Aid%25253Ds%2525253ApermTableView_widget_4f1013ce-b8fe-4fff-9d84-ee78e52986ad_a87502a3-21a6-44d6-9668-90275081776b-column-runtime%2525257CmaintenanceState7%25255Ehidden%25253Db%2525253A0%255Eo%25253Aid%25253Ds%2525253ApermTableView_widget_4f1013ce-b8fe-4fff-9d84-ee78e52986ad_a87502a3-21a6-44d6-9668-90275081776b-column-runtime%2525257CconnectionState8%25255Ehidden%25253Db%2525253A0%255Eo%25253Aid%25253Ds%2525253ApermTableView_widget_4f1013ce-b8fe-4fff-9d84-ee78e52986ad_a87502a3-21a6-44d6-9668-90275081776b-column-config%2525257Csecurity%2525257Cservice%2525253ASSH%2525257CisRunning9%25255Ehidden%25253Db%2525253A0%255Eo%25253Aid%25253Ds%2525253ApermTableView_widget_4f1013ce-b8fe-4fff-9d84-ee78e52986ad_a87502a3-21a6-44d6-9668-90275081776b-column-config%2525257Csecurity%2525257Csyslog_dir10%25255Ehidden%25253Db%2525253A0%255Eo%25253Aid%25253Ds%2525253ApermTableView_widget_4f1013ce-b8fe-4fff-9d84-ee78e52986ad_a87502a3-21a6-44d6-9668-90275081776b-column-config%2525257Csecurity%2525257Csyslog_host11%25255Ehidden%25253Db%2525253A0%255Eo%25253Aid%25253Ds%2525253ApermTableView_widget_4f1013ce-b8fe-4fff-9d84-ee78e52986ad_a87502a3-21a6-44d6-9668-90275081776b-column-config%2525257Csecurity%2525257CntpServer12%25255Ehidden%25253Db%2525253A0%255Eo%25253Aid%25253Ds%2525253ApermTableView_widget_4f1013ce-b8fe-4fff-9d84-ee78e52986ad_a87502a3-21a6-44d6-9668-90275081776b-column-config%2525257Csecurity%2525257Cservice%2525253ANTP%25252520Daemon%2525257CisRunning13%25255Ehidden%25253Db%2525253A0",
               "key": "permTableView_widget_4f1013ce-b8fe-4fff-9d84-ee78e52986ad_a87502a3-21a6-44d6-9668-90275081776b"
            }]
         }
      ],
      "userId": "c849b780-cf67-4462-8dc5-ebcbb0da533e",
      "states": [],
      "homeTab": false,
      "name": "Sample Host Selection From Group",
      "gridsterMaxColumns": 12,
      "rank": 0,
      "disabled": false,
      "id": "4f1013ce-b8fe-4fff-9d84-ee78e52986ad",
      "locked": false,
      "dashboardNavigations": {},
      "widgetInteractions": [{
         "widgetIdProvider": "7a40a567-2346-4fdc-bb96-76745337e3f7",
         "type": "resourceId",
         "widgetIdReceiver": "4043b201-e595-44c6-8518-58388caed0bd"
      }],
      "lastUpdateTime": 1733161072162
   }],
   "uuid": "df442891-0058-46b3-b554-30ef1c9bab43"
}