{
   "entries": {
      "resourceKind": [
         {
            "resourceKindKey": "NSXT World",
            "internalId": "resourceKind:id:0_::_",
            "adapterKindKey": "NSXTAdapter"
         },
         {
            "resourceKindKey": "vSphere World",
            "internalId": "resourceKind:id:2_::_",
            "adapterKindKey": "VMWARE"
         },
         {
            "resourceKindKey": "CAS World",
            "internalId": "resourceKind:id:1_::_",
            "adapterKindKey": "CASAdapter"
         }
      ],
      "resource": [
         {
            "resourceKindKey": "CAS World",
            "internalId": "resource:id:2_::_",
            "adapterKindKey": "CASAdapter",
            "identifiers": [],
            "name": "Automation World"
         },
         {
            "resourceKindKey": "LICENSE_USAGE_WORLD",
            "internalId": "resource:id:0_::_",
            "adapterKindKey": "VMWARE_INFRA_HEALTH",
            "identifiers": [],
            "name": "License Usage"
         },
         {
            "resourceKindKey": "NSXT World",
            "internalId": "resource:id:1_::_",
            "adapterKindKey": "NSXTAdapter",
            "identifiers": [],
            "name": "NSX World"
         }
      ]
   },
   "dashboards": [{
      "shared": false,
      "temporary": false,
      "hidden": false,
      "creationTime": 1738791982598,
      "autoswitchEnabled": false,
      "importAttempts": 0,
      "lastUpdateUserId": "c60c3223-7fad-407f-9939-0fc45817233c",
      "columnProportion": "1-1",
      "importComplete": true,
      "description": "",
      "columnCount": 1,
      "widgets": [
         {
            "collapsed": false,
            "id": "9fc2b460-7492-4b20-9d8f-dbe845f65e02",
            "gridsterCoords": {
               "w": 6,
               "x": 7,
               "h": 5,
               "y": 1
            },
            "type": "TextDisplay",
            "title": "Information on Licensing Policy",
            "config": {
               "locationFile": "",
               "locationUrl": "",
               "editorData": "<div style=\"color: rgb(0, 0, 0);\"><font style=\"\" color=\"#ffffff\" face=\"arial\" size=\"3\">\u200bThis Dashboard provides an overview of total VCF license consumption and it's components: vSAN, Aria, and NSX.&nbsp;<\/font><\/div><div style=\"color: rgb(0, 0, 0);\"><font style=\"\" color=\"#ffffff\" face=\"arial\" size=\"3\"><br><\/font><\/div><div style=\"color: rgb(0, 0, 0);\"><font style=\"\" color=\"#ffffff\" face=\"arial\" size=\"3\">VCF and vSAN consumption is measured directly from the platform.<\/font><\/div><div style=\"color: rgb(0, 0, 0);\"><font style=\"\" color=\"#ffffff\" face=\"arial\" size=\"3\"><br><\/font><\/div><div style=\"\"><font color=\"#ffffff\" face=\"arial\" size=\"3\">To understand the usage of NSX and Automation in your environment, review the NSX and Automation Insights vs. the vSphere Environment Insights.<\/font><\/div><div style=\"\"><font color=\"#ffffff\" face=\"arial\" size=\"3\"><br><\/font><\/div><div style=\"\"><font color=\"#ffffff\" style=\"\" face=\"arial\" size=\"3\">It is normal to have some number of virtual machines, networks and hosts that are not managed by NSX or Automation, as this indicates legacy workloads or management domains.&nbsp; Use the NSX and Automation Trends charts to understand the pattern of usage in your environment.<\/font><\/div>",
               "refreshInterval": 300,
               "titleLocalized": "Information on Licensing Policy",
               "refreshContent": {"refreshContent": false},
               "title": "Information on Licensing Policy",
               "viewModeHTML": true
            },
            "height": 267
         },
         {
            "collapsed": false,
            "id": "767649d5-5fa5-49f9-a399-e9f43639f119",
            "gridsterCoords": {
               "w": 6,
               "x": 1,
               "h": 5,
               "y": 1
            },
            "type": "Scoreboard",
            "title": "License Overview",
            "config": {
               "maxCellCount": 100,
               "oldMetricValues": true,
               "relationshipMode": {"relationshipMode": 0},
               "valueSize": 24,
               "title": "License Overview",
               "boxHeight": null,
               "showResourceName": {"showResourceName": false},
               "roundDecimals": 0,
               "mode": {"layoutMode": "fixedView"},
               "labelSize": 16,
               "customFilter": {
                  "filter": [],
                  "excludedResources": null,
                  "includedResources": null
               },
               "selfProvider": {"selfProvider": true},
               "resInteractionMode": null,
               "visualTheme": 5,
               "showMetricName": {"showMetricName": true},
               "refreshInterval": 300,
               "resource": [],
               "showDT": {"showDT": false},
               "refreshContent": {"refreshContent": false},
               "showMetricUnit": {"showMetricUnit": true},
               "depth": 1,
               "metric": {
                  "mode": "resource",
                  "resourceMetrics": [
                     {
                        "yellowBound": null,
                        "metricUnitId": null,
                        "resourceId": "resource:id:0_::_",
                        "metricName": "Super Metrics|[VCF Consumption Overview v2] VCF Total License Usage",
                        "metricKey": "Super Metric|sm_76801377-1807-4a46-93d4-9b9dc0f0c54b",
                        "handleOldColoring": false,
                        "link": "",
                        "resourceName": "License Usage",
                        "isStringMetric": false,
                        "resourceKindId": "002019VMWARE_INFRA_HEALTHLICENSE_USAGE_WORLD",
                        "label": "VCF Consumed Cores",
                        "orangeBound": null,
                        "unit": "",
                        "redBound": null,
                        "id": "extModel2490-1",
                        "colorMethod": 1
                     },
                     {
                        "yellowBound": null,
                        "metricUnitId": null,
                        "resourceId": "resource:id:0_::_",
                        "metricName": "Super Metrics|[VCF Consumption Overview v2] vSAN Total License Usage",
                        "metricKey": "Super Metric|sm_ffdafb8e-3c04-4eee-9f33-1096328a6ee3",
                        "handleOldColoring": false,
                        "link": "",
                        "resourceName": "License Usage",
                        "isStringMetric": false,
                        "resourceKindId": "002019VMWARE_INFRA_HEALTHLICENSE_USAGE_WORLD",
                        "label": "vSAN Consumed TiB",
                        "orangeBound": null,
                        "unit": "",
                        "redBound": null,
                        "id": "extModel5881-1",
                        "colorMethod": 1
                     },
                     {
                        "yellowBound": null,
                        "metricUnitId": null,
                        "resourceId": "resource:id:0_::_",
                        "metricName": "Super Metrics|[VCF Consumption Overview v2] VCF Total License Count",
                        "metricKey": "Super Metric|sm_ad810afa-73c8-412e-a05a-1ba59da79a32",
                        "handleOldColoring": false,
                        "link": "",
                        "resourceName": "License Usage",
                        "isStringMetric": false,
                        "resourceKindId": "002019VMWARE_INFRA_HEALTHLICENSE_USAGE_WORLD",
                        "label": "Total VCF License Capacity",
                        "orangeBound": null,
                        "unit": "",
                        "redBound": null,
                        "id": "extModel6912-1",
                        "colorMethod": 1
                     },
                     {
                        "yellowBound": null,
                        "metricUnitId": null,
                        "resourceId": "resource:id:0_::_",
                        "metricName": "Super Metrics|[VCF Consumption Overview v2] vSAN Total License Capacity",
                        "metricKey": "Super Metric|sm_6e8310ed-1753-45a4-aacc-7f1025c03d11",
                        "handleOldColoring": false,
                        "link": "",
                        "resourceName": "License Usage",
                        "isStringMetric": false,
                        "resourceKindId": "002019VMWARE_INFRA_HEALTHLICENSE_USAGE_WORLD",
                        "label": "Total vSAN License Capacity (TiB)",
                        "orangeBound": null,
                        "unit": "",
                        "redBound": null,
                        "id": "extModel6912-2",
                        "colorMethod": 1
                     },
                     {
                        "yellowBound": null,
                        "metricUnitId": -1,
                        "resourceId": "resource:id:0_::_",
                        "metricName": "Super Metrics|[VCF Consumption Overview v2] VCF Total License Usage Percent",
                        "metricKey": "Super Metric|sm_dc0b1bc5-478a-4be9-8442-6afa8fb4b4f8",
                        "handleOldColoring": false,
                        "link": "",
                        "resourceName": "License Usage",
                        "isStringMetric": false,
                        "resourceKindId": "002019VMWARE_INFRA_HEALTHLICENSE_USAGE_WORLD",
                        "label": "VCF License Usage %",
                        "orangeBound": null,
                        "unit": "Auto",
                        "redBound": null,
                        "id": "extModel21560-1",
                        "colorMethod": 1
                     },
                     {
                        "yellowBound": null,
                        "metricUnitId": -1,
                        "resourceId": "resource:id:0_::_",
                        "metricName": "Super Metrics|[VCF Consumption Overview v2]  vSAN Total License Usage Percent",
                        "metricKey": "Super Metric|sm_b907e551-0425-418c-90fc-c3132aefd7f0",
                        "handleOldColoring": false,
                        "link": "",
                        "resourceName": "License Usage",
                        "isStringMetric": false,
                        "resourceKindId": "002019VMWARE_INFRA_HEALTHLICENSE_USAGE_WORLD",
                        "label": "vSAN License Usage %",
                        "orangeBound": null,
                        "unit": "Auto",
                        "redBound": null,
                        "id": "extModel9443-1",
                        "colorMethod": 1
                     }
                  ],
                  "resourceKindMetrics": []
               },
               "showSparkline": {"showSparkline": false},
               "boxColumns": 2,
               "periodLength": null
            },
            "height": 267
         },
         {
            "collapsed": false,
            "id": "16ab3089-0308-41ec-9c05-4068d41b667b",
            "gridsterCoords": {
               "w": 6,
               "x": 7,
               "h": 7,
               "y": 6
            },
            "type": "View",
            "title": "vSAN License Usage Over Time",
            "config": {
               "refreshInterval": 300,
               "resource": {
                  "resourceId": "resource:id:0_::_",
                  "traversalSpecId": "",
                  "resourceName": "License Usage",
                  "resourceKindId": "002019VMWARE_INFRA_HEALTHLICENSE_USAGE_WORLD",
                  "id": "Ext.vcops.chrome.model.Resource-2"
               },
               "traversalSpecId": null,
               "refreshContent": {"refreshContent": false},
               "isUpdatedView": true,
               "chartViewItems": ["legend"],
               "selectFirstRow": {"selectFirstRow": false},
               "selfProvider": {"selfProvider": true},
               "title": "vSAN License Usage Over Time",
               "viewDefinitionId": "0c91a144-dca0-4625-8c70-8fc4a014fa2e"
            },
            "height": 381,
            "states": [{
               "value": "b%3A0",
               "key": "perm_toolbarVisible_widget_0488a094-01f7-417a-80a8-ca2e7fb2d748_16ab3089-0308-41ec-9c05-4068d41b667b"
            }]
         },
         {
            "collapsed": false,
            "id": "94dc7128-775b-4299-8595-7c566a1d4815",
            "gridsterCoords": {
               "w": 6,
               "x": 1,
               "h": 7,
               "y": 6
            },
            "type": "View",
            "title": "VCF License Usage Over Time",
            "config": {
               "refreshInterval": 300,
               "resource": {
                  "resourceId": "resource:id:0_::_",
                  "traversalSpecId": "",
                  "resourceName": "License Usage",
                  "resourceKindId": "002019VMWARE_INFRA_HEALTHLICENSE_USAGE_WORLD",
                  "id": "Ext.vcops.chrome.model.Resource-1"
               },
               "traversalSpecId": null,
               "refreshContent": {"refreshContent": false},
               "isUpdatedView": true,
               "chartViewItems": ["legend"],
               "selectFirstRow": {"selectFirstRow": false},
               "selfProvider": {"selfProvider": true},
               "title": "VCF License Usage Over Time",
               "viewDefinitionId": "e27925b5-1cf1-4fde-a835-41c84577be35"
            },
            "height": 381,
            "states": [{
               "value": "b%3A1",
               "key": "perm_toolbarVisible_widget_0488a094-01f7-417a-80a8-ca2e7fb2d748_94dc7128-775b-4299-8595-7c566a1d4815"
            }]
         },
         {
            "collapsed": false,
            "id": "c38aa91e-7eb8-4930-bb54-0e71174c7b1c",
            "gridsterCoords": {
               "w": 4,
               "x": 1,
               "h": 6,
               "y": 13
            },
            "type": "Scoreboard",
            "title": "NSX Usage Insights",
            "config": {
               "maxCellCount": 1000,
               "oldMetricValues": false,
               "relationshipMode": {"relationshipMode": 0},
               "valueSize": 24,
               "title": "NSX Usage Insights",
               "boxHeight": null,
               "showResourceName": {"showResourceName": false},
               "roundDecimals": null,
               "mode": {"layoutMode": "fixedView"},
               "labelSize": 16,
               "customFilter": {
                  "filter": [],
                  "excludedResources": null,
                  "includedResources": null
               },
               "selfProvider": {"selfProvider": true},
               "resInteractionMode": null,
               "visualTheme": 5,
               "showMetricName": {"showMetricName": true},
               "refreshInterval": 300,
               "resource": [],
               "showDT": {"showDT": true},
               "refreshContent": {"refreshContent": false},
               "showMetricUnit": {"showMetricUnit": true},
               "depth": 1,
               "metric": {
                  "mode": "resourceKind",
                  "resourceMetrics": [],
                  "resourceKindMetrics": [
                     {
                        "yellowBound": null,
                        "metricUnitId": null,
                        "metricName": "Super Metrics|[VCF Consumption Overview v2] Host Transport Node Count",
                        "metricKey": "Super Metric|sm_52b1e5d9-3598-4f14-8c23-76b082b2c088",
                        "handleOldColoring": false,
                        "link": "",
                        "resourceKindName": "NSX World",
                        "isStringMetric": false,
                        "resourceKindId": "resourceKind:id:0_::_",
                        "label": "NSX vSphere Hosts ",
                        "orangeBound": null,
                        "unit": "",
                        "redBound": null,
                        "id": "extModel3403-1",
                        "colorMethod": 1
                     },
                     {
                        "yellowBound": null,
                        "metricUnitId": null,
                        "metricName": "Summary|Logical Switch Count",
                        "metricKey": "Summary|LogicalSwitchCount",
                        "handleOldColoring": false,
                        "link": "",
                        "resourceKindName": "NSX World",
                        "isStringMetric": false,
                        "resourceKindId": "resourceKind:id:0_::_",
                        "label": "Overlay Network Count",
                        "orangeBound": null,
                        "unit": "",
                        "redBound": null,
                        "id": "extModel3403-2",
                        "colorMethod": 1
                     },
                     {
                        "yellowBound": null,
                        "metricUnitId": null,
                        "metricName": "Summary|Edge Cluster Count",
                        "metricKey": "Summary|EdgeClusterCount",
                        "handleOldColoring": false,
                        "link": "",
                        "resourceKindName": "NSX World",
                        "isStringMetric": false,
                        "resourceKindId": "resourceKind:id:0_::_",
                        "label": "Edge Cluster Count",
                        "orangeBound": null,
                        "unit": "",
                        "redBound": null,
                        "id": "extModel3403-4",
                        "colorMethod": 1
                     },
                     {
                        "yellowBound": null,
                        "metricUnitId": null,
                        "metricName": "Super Metrics|[VCF Consumption Overview v2] NSX License Count",
                        "metricKey": "Super Metric|sm_bd174fd5-7cfe-4746-bfcd-436f81a94e50",
                        "handleOldColoring": false,
                        "link": "",
                        "resourceKindName": "NSX World",
                        "isStringMetric": false,
                        "resourceKindId": "resourceKind:id:0_::_",
                        "label": "NSX Licensed Cores",
                        "orangeBound": null,
                        "unit": "",
                        "redBound": null,
                        "id": "extModel5880-1",
                        "colorMethod": 1
                     }
                  ],
                  "subMode": "resourceKindAll"
               },
               "showSparkline": {"showSparkline": false},
               "boxColumns": 2,
               "periodLength": null
            },
            "height": 324
         },
         {
            "collapsed": false,
            "id": "213a1e14-5ea9-4a6e-9f46-72321794cc83",
            "gridsterCoords": {
               "w": 4,
               "x": 9,
               "h": 6,
               "y": 13
            },
            "type": "Scoreboard",
            "title": "Automation Usage Insights",
            "config": {
               "maxCellCount": 1000,
               "oldMetricValues": false,
               "relationshipMode": {"relationshipMode": 0},
               "valueSize": 24,
               "title": "Automation Usage Insights",
               "boxHeight": null,
               "showResourceName": {"showResourceName": false},
               "roundDecimals": null,
               "mode": {"layoutMode": "fixedView"},
               "labelSize": 16,
               "customFilter": {
                  "filter": [],
                  "excludedResources": null,
                  "includedResources": null
               },
               "selfProvider": {"selfProvider": true},
               "resInteractionMode": null,
               "visualTheme": 5,
               "showMetricName": {"showMetricName": true},
               "refreshInterval": 300,
               "resource": [],
               "showDT": {"showDT": true},
               "refreshContent": {"refreshContent": false},
               "showMetricUnit": {"showMetricUnit": true},
               "depth": 1,
               "metric": {
                  "mode": "resourceKind",
                  "resourceMetrics": [],
                  "resourceKindMetrics": [
                     {
                        "yellowBound": null,
                        "metricUnitId": null,
                        "metricName": "Super Metrics|[VCF Consumption Overview v2] Automation Host Count",
                        "metricKey": "Super Metric|sm_b8661772-e1c3-4020-b255-b6da7fbdba83",
                        "handleOldColoring": false,
                        "link": "",
                        "resourceKindName": "Automation World",
                        "isStringMetric": false,
                        "resourceKindId": "resourceKind:id:1_::_",
                        "label": "Managed vSphere Hosts",
                        "orangeBound": null,
                        "unit": "",
                        "redBound": null,
                        "id": "extModel7707-1",
                        "colorMethod": 1
                     },
                     {
                        "yellowBound": null,
                        "metricUnitId": null,
                        "metricName": "Summary|Total virtual machines",
                        "metricKey": "summary|VMCount",
                        "handleOldColoring": false,
                        "link": "",
                        "resourceKindName": "Automation World",
                        "isStringMetric": false,
                        "resourceKindId": "resourceKind:id:1_::_",
                        "label": "Managed VM Count",
                        "orangeBound": null,
                        "unit": "",
                        "redBound": null,
                        "id": "extModel6947-1",
                        "colorMethod": 1
                     },
                     {
                        "yellowBound": null,
                        "metricUnitId": null,
                        "metricName": "Summary|Total Cost",
                        "metricKey": "summary|Cost",
                        "handleOldColoring": false,
                        "link": "",
                        "resourceKindName": "Automation World",
                        "isStringMetric": false,
                        "resourceKindId": "resourceKind:id:1_::_",
                        "label": "Cost",
                        "orangeBound": null,
                        "unit": "",
                        "redBound": null,
                        "id": "extModel6947-2",
                        "colorMethod": 1
                     },
                     {
                        "yellowBound": null,
                        "metricUnitId": null,
                        "metricName": "Super Metrics|[VCF Consumption Overview v2] Automation License Count",
                        "metricKey": "Super Metric|sm_70cb8167-ec3d-4e52-b0cc-08ca191d25b8",
                        "handleOldColoring": false,
                        "link": "",
                        "resourceKindName": "Automation World",
                        "isStringMetric": false,
                        "resourceKindId": "resourceKind:id:1_::_",
                        "label": "Automation License Consumption",
                        "orangeBound": null,
                        "unit": "",
                        "redBound": null,
                        "id": "extModel13315-1",
                        "colorMethod": 1
                     }
                  ],
                  "subMode": "resourceKindAll"
               },
               "showSparkline": {"showSparkline": false},
               "boxColumns": 2,
               "periodLength": null
            },
            "height": 324
         },
         {
            "collapsed": false,
            "id": "263242d5-19ca-41ea-9deb-80a717383b7c",
            "gridsterCoords": {
               "w": 4,
               "x": 5,
               "h": 6,
               "y": 13
            },
            "type": "Scoreboard",
            "title": "vSphere Environment Insights",
            "config": {
               "maxCellCount": 100,
               "oldMetricValues": false,
               "relationshipMode": {"relationshipMode": 0},
               "valueSize": 24,
               "title": "vSphere Environment Insights",
               "boxHeight": null,
               "showResourceName": {"showResourceName": false},
               "roundDecimals": null,
               "mode": {"layoutMode": "fixedView"},
               "labelSize": 16,
               "customFilter": {
                  "filter": [],
                  "excludedResources": null,
                  "includedResources": null
               },
               "selfProvider": {"selfProvider": true},
               "resInteractionMode": null,
               "visualTheme": 5,
               "showMetricName": {"showMetricName": true},
               "refreshInterval": 300,
               "resource": [],
               "showDT": {"showDT": true},
               "refreshContent": {"refreshContent": false},
               "showMetricUnit": {"showMetricUnit": true},
               "depth": 1,
               "metric": {
                  "mode": "resourceKind",
                  "resourceMetrics": [],
                  "resourceKindMetrics": [
                     {
                        "yellowBound": null,
                        "metricUnitId": null,
                        "metricName": "Object Count:HostSystem|count",
                        "metricKey": "ObjectCountMetricGroup:HostSystem|count",
                        "handleOldColoring": false,
                        "link": "",
                        "resourceKindName": "vSphere World",
                        "isStringMetric": false,
                        "resourceKindId": "resourceKind:id:2_::_",
                        "label": "vSphere Hosts",
                        "orangeBound": null,
                        "unit": "",
                        "redBound": null,
                        "id": "extModel8558-1",
                        "colorMethod": 1
                     },
                     {
                        "yellowBound": null,
                        "metricUnitId": null,
                        "metricName": "Object Count:VirtualMachine|count",
                        "metricKey": "ObjectCountMetricGroup:VirtualMachine|count",
                        "handleOldColoring": false,
                        "link": "",
                        "resourceKindName": "vSphere World",
                        "isStringMetric": false,
                        "resourceKindId": "resourceKind:id:2_::_",
                        "label": "Virtual Machines",
                        "orangeBound": null,
                        "unit": "",
                        "redBound": null,
                        "id": "extModel8558-2",
                        "colorMethod": 1
                     },
                     {
                        "yellowBound": null,
                        "metricUnitId": null,
                        "metricName": "Object Count:DistributedVirtualPortgroup|count",
                        "metricKey": "ObjectCountMetricGroup:DistributedVirtualPortgroup|count",
                        "handleOldColoring": false,
                        "link": "",
                        "resourceKindName": "vSphere World",
                        "isStringMetric": false,
                        "resourceKindId": "resourceKind:id:2_::_",
                        "label": "Networks",
                        "orangeBound": null,
                        "unit": "",
                        "redBound": null,
                        "id": "extModel8558-3",
                        "colorMethod": 1
                     },
                     {
                        "yellowBound": null,
                        "metricUnitId": null,
                        "metricName": "Super Metrics|[VCF Consumption Overview v2]License Waste Count",
                        "metricKey": "Super Metric|sm_7f06f105-c64b-45a3-accd-852c74515df5",
                        "handleOldColoring": false,
                        "link": "",
                        "resourceKindName": "vSphere World",
                        "isStringMetric": false,
                        "resourceKindId": "resourceKind:id:2_::_",
                        "label": "VCF License Potential Cores",
                        "orangeBound": null,
                        "unit": "",
                        "redBound": null,
                        "id": "extModel13183-1",
                        "colorMethod": 1
                     }
                  ],
                  "subMode": "resourceKindAll"
               },
               "showSparkline": {"showSparkline": false},
               "boxColumns": 2,
               "periodLength": null
            },
            "height": 324
         },
         {
            "collapsed": false,
            "id": "e06b8f41-a856-4488-80e8-15ec490c1cc8",
            "gridsterCoords": {
               "w": 6,
               "x": 1,
               "h": 6,
               "y": 19
            },
            "type": "View",
            "title": "NSX Consumption Trend",
            "config": {
               "refreshInterval": 300,
               "resource": {
                  "resourceId": "resource:id:1_::_",
                  "traversalSpecId": "",
                  "resourceName": "NSX World",
                  "resourceKindId": "002011NSXTAdapterNSXT World",
                  "id": "Ext.vcops.chrome.model.Resource-12"
               },
               "traversalSpecId": null,
               "refreshContent": {"refreshContent": false},
               "isUpdatedView": true,
               "chartViewItems": ["legend"],
               "selectFirstRow": {"selectFirstRow": false},
               "selfProvider": {"selfProvider": true},
               "title": "NSX Consumption Trend",
               "viewDefinitionId": "ab24d3c1-321b-4aa3-8e8e-fc54644f16a8"
            },
            "height": 324,
            "states": [{
               "value": "b%3A0",
               "key": "perm_toolbarVisible_widget_0488a094-01f7-417a-80a8-ca2e7fb2d748_e06b8f41-a856-4488-80e8-15ec490c1cc8"
            }]
         },
         {
            "collapsed": false,
            "id": "cfcdc4f7-ec1e-4887-9066-fb9918bcf4f6",
            "gridsterCoords": {
               "w": 6,
               "x": 7,
               "h": 6,
               "y": 19
            },
            "type": "View",
            "title": "Automation Consumption Trend",
            "config": {
               "refreshInterval": 300,
               "resource": {
                  "resourceId": "resource:id:2_::_",
                  "traversalSpecId": "",
                  "resourceName": "Automation World",
                  "resourceKindId": "002010CASAdapterCAS World",
                  "id": "Ext.vcops.chrome.model.Resource-44"
               },
               "traversalSpecId": null,
               "refreshContent": {"refreshContent": false},
               "isUpdatedView": true,
               "chartViewItems": ["legend"],
               "selectFirstRow": {"selectFirstRow": false},
               "selfProvider": {"selfProvider": true},
               "title": "Automation Consumption Trend",
               "viewDefinitionId": "504f2735-3d18-45f6-a040-9948f1b98391"
            },
            "height": 324,
            "states": [{
               "value": "b%3A0",
               "key": "perm_toolbarVisible_widget_0488a094-01f7-417a-80a8-ca2e7fb2d748_cfcdc4f7-ec1e-4887-9066-fb9918bcf4f6"
            }]
         },
         {
            "collapsed": false,
            "id": "161831fd-7f4d-418e-b20f-08c52dd856d0",
            "gridsterCoords": {
               "w": 4,
               "x": 5,
               "h": 6,
               "y": 25
            },
            "type": "View",
            "title": "NSX Consumption Overtime",
            "config": {
               "refreshInterval": 300,
               "resource": {
                  "resourceId": "resource:id:1_::_",
                  "traversalSpecId": "",
                  "resourceName": "NSX World",
                  "resourceKindId": "002011NSXTAdapterNSXT World",
                  "id": "Ext.vcops.chrome.model.Resource-42"
               },
               "traversalSpecId": null,
               "refreshContent": {"refreshContent": false},
               "isUpdatedView": true,
               "chartViewItems": [],
               "selectFirstRow": {"selectFirstRow": false},
               "selfProvider": {"selfProvider": true},
               "title": "NSX Consumption Overtime",
               "viewDefinitionId": "e378c921-1fa7-42e4-a330-dc4423f14cbd"
            },
            "height": 324,
            "states": [{
               "value": "o%3Acolumns%3Da%253Ao%25253Aid%25253Ds%2525253ApermTableView_widget_0488a094-01f7-417a-80a8-ca2e7fb2d748_161831fd-7f4d-418e-b20f-08c52dd856d0-column-0%25255Ehidden%25253Db%2525253A0%255Eo%25253Aid%25253Ds%2525253ApermTableView_widget_0488a094-01f7-417a-80a8-ca2e7fb2d748_161831fd-7f4d-418e-b20f-08c52dd856d0-column-Interval%25252520Breakdown1%25255Ehidden%25253Db%2525253A0%255Eo%25253Aid%25253Ds%2525253ApermTableView_widget_0488a094-01f7-417a-80a8-ca2e7fb2d748_161831fd-7f4d-418e-b20f-08c52dd856d0-column-Super%25252520Metric%2525257Csm_52b1e5d9-3598-4f14-8c23-76b082b2c0882%25255Ehidden%25253Db%2525253A0%255Eo%25253Aid%25253Ds%2525253ApermTableView_widget_0488a094-01f7-417a-80a8-ca2e7fb2d748_161831fd-7f4d-418e-b20f-08c52dd856d0-column-Super%25252520Metric%2525257Csm_bd174fd5-7cfe-4746-bfcd-436f81a94e503%25255Ehidden%25253Db%2525253A0",
               "key": "permTableView_widget_0488a094-01f7-417a-80a8-ca2e7fb2d748_161831fd-7f4d-418e-b20f-08c52dd856d0"
            }]
         },
         {
            "collapsed": false,
            "id": "a19f494c-6c49-4461-83bd-59dbb487d1c6",
            "gridsterCoords": {
               "w": 4,
               "x": 9,
               "h": 6,
               "y": 25
            },
            "type": "View",
            "title": "Automation Consumption Overtime",
            "config": {
               "refreshInterval": 300,
               "resource": {
                  "resourceId": "resource:id:2_::_",
                  "traversalSpecId": "",
                  "resourceName": "Automation World",
                  "resourceKindId": "002010CASAdapterCAS World",
                  "id": "Ext.vcops.chrome.model.Resource-62"
               },
               "traversalSpecId": null,
               "refreshContent": {"refreshContent": false},
               "isUpdatedView": true,
               "chartViewItems": [],
               "selectFirstRow": {"selectFirstRow": false},
               "selfProvider": {"selfProvider": true},
               "title": "Automation Consumption Overtime",
               "viewDefinitionId": "156aaea0-2fa7-4744-87d2-d01fec6f0ec6"
            },
            "height": 324,
            "states": [{
               "value": "o%3Acolumns%3Da%253Ao%25253Aid%25253Ds%2525253ApermTableView_widget_0488a094-01f7-417a-80a8-ca2e7fb2d748_a19f494c-6c49-4461-83bd-59dbb487d1c6-column-0%25255Ehidden%25253Db%2525253A0%255Eo%25253Aid%25253Ds%2525253ApermTableView_widget_0488a094-01f7-417a-80a8-ca2e7fb2d748_a19f494c-6c49-4461-83bd-59dbb487d1c6-column-Interval%25252520Breakdown1%25255Ehidden%25253Db%2525253A0%255Eo%25253Aid%25253Ds%2525253ApermTableView_widget_0488a094-01f7-417a-80a8-ca2e7fb2d748_a19f494c-6c49-4461-83bd-59dbb487d1c6-column-Super%25252520Metric%2525257Csm_b8661772-e1c3-4020-b255-b6da7fbdba832%25255Ehidden%25253Db%2525253A0%255Eo%25253Aid%25253Ds%2525253ApermTableView_widget_0488a094-01f7-417a-80a8-ca2e7fb2d748_a19f494c-6c49-4461-83bd-59dbb487d1c6-column-Super%25252520Metric%2525257Csm_70cb8167-ec3d-4e52-b0cc-08ca191d25b83%25255Ehidden%25253Db%2525253A0",
               "key": "permTableView_widget_0488a094-01f7-417a-80a8-ca2e7fb2d748_a19f494c-6c49-4461-83bd-59dbb487d1c6"
            }]
         },
         {
            "collapsed": false,
            "id": "04ad7b48-40ac-45a6-9a7a-92be97ea0ded",
            "gridsterCoords": {
               "w": 4,
               "x": 1,
               "h": 6,
               "y": 25
            },
            "type": "View",
            "title": "VCF Consumption Overtime",
            "config": {
               "refreshInterval": 300,
               "resource": {
                  "resourceId": "resource:id:0_::_",
                  "traversalSpecId": "",
                  "resourceName": "License Usage",
                  "resourceKindId": "002019VMWARE_INFRA_HEALTHLICENSE_USAGE_WORLD",
                  "id": "Ext.vcops.chrome.model.Resource-52"
               },
               "traversalSpecId": null,
               "refreshContent": {"refreshContent": false},
               "isUpdatedView": true,
               "chartViewItems": [],
               "selectFirstRow": {"selectFirstRow": false},
               "selfProvider": {"selfProvider": true},
               "title": "VCF Consumption Overtime",
               "viewDefinitionId": "6b512229-ff2c-490b-8cfb-ae70f3008de0"
            },
            "height": 324,
            "states": [{
               "value": "o%3Acolumns%3Da%253Ao%25253Aid%25253Ds%2525253ApermTableView_widget_0488a094-01f7-417a-80a8-ca2e7fb2d748_04ad7b48-40ac-45a6-9a7a-92be97ea0ded-column-0%25255Ehidden%25253Db%2525253A0%255Eo%25253Aid%25253Ds%2525253ApermTableView_widget_0488a094-01f7-417a-80a8-ca2e7fb2d748_04ad7b48-40ac-45a6-9a7a-92be97ea0ded-column-Interval%25252520Breakdown1%25255Ehidden%25253Db%2525253A0%255Eo%25253Aid%25253Ds%2525253ApermTableView_widget_0488a094-01f7-417a-80a8-ca2e7fb2d748_04ad7b48-40ac-45a6-9a7a-92be97ea0ded-column-Super%25252520Metric%2525257Csm_76801377-1807-4a46-93d4-9b9dc0f0c54b2%25255Ehidden%25253Db%2525253A0%255Eo%25253Aid%25253Ds%2525253ApermTableView_widget_0488a094-01f7-417a-80a8-ca2e7fb2d748_04ad7b48-40ac-45a6-9a7a-92be97ea0ded-column-Super%25252520Metric%2525257Csm_dc0b1bc5-478a-4be9-8442-6afa8fb4b4f83%25255Ehidden%25253Db%2525253A0%255Eo%25253Aid%25253Ds%2525253ApermTableView_widget_0488a094-01f7-417a-80a8-ca2e7fb2d748_04ad7b48-40ac-45a6-9a7a-92be97ea0ded-column-Super%25252520Metric%2525257Csm_ad810afa-73c8-412e-a05a-1ba59da79a324%25255Ehidden%25253Db%2525253A0%255Eo%25253Aid%25253Ds%2525253ApermTableView_widget_0488a094-01f7-417a-80a8-ca2e7fb2d748_04ad7b48-40ac-45a6-9a7a-92be97ea0ded-column-Super%25252520Metric%2525257Csm_ffdafb8e-3c04-4eee-9f33-1096328a6ee35%25255Ehidden%25253Db%2525253A0%255Eo%25253Aid%25253Ds%2525253ApermTableView_widget_0488a094-01f7-417a-80a8-ca2e7fb2d748_04ad7b48-40ac-45a6-9a7a-92be97ea0ded-column-Super%25252520Metric%2525257Csm_b907e551-0425-418c-90fc-c3132aefd7f06%25255Ehidden%25253Db%2525253A0%255Eo%25253Aid%25253Ds%2525253ApermTableView_widget_0488a094-01f7-417a-80a8-ca2e7fb2d748_04ad7b48-40ac-45a6-9a7a-92be97ea0ded-column-Super%25252520Metric%2525257Csm_6e8310ed-1753-45a4-aacc-7f1025c03d117%25255Ehidden%25253Db%2525253A0",
               "key": "permTableView_widget_0488a094-01f7-417a-80a8-ca2e7fb2d748_04ad7b48-40ac-45a6-9a7a-92be97ea0ded"
            }]
         }
      ],
      "userId": "c60c3223-7fad-407f-9939-0fc45817233c",
      "states": [],
      "homeTab": true,
      "name": "VCF Consumption Overview v2",
      "gridsterMaxColumns": 12,
      "rank": 0,
      "disabled": false,
      "id": "0488a094-01f7-417a-80a8-ca2e7fb2d748",
      "locked": false,
      "dashboardNavigations": {},
      "widgetInteractions": [],
      "lastUpdateTime": 1741370004517
   }],
   "uuid": "586ab8f9-76d0-4091-bd21-bfd37fec1bea"
}