{
   "customGroups": [
      {
         "resourceKind": "Function",
         "membershipDefinition": {"ruleGroups": [{
            "resourceKind": "DistributedVirtualPortgroup",
            "adapterKind": "VMWARE",
            "rules": [{
               "ruleType": "StringMetricPropertyRule",
               "ruleMetricKey": "config|backing_type",
               "isProperty": true,
               "ruleStringOperator": "EQUALS",
               "ruleStringValue": "standard"
            }]
         }]},
         "adapterKind": "Container",
         "autoResolveMembership": true,
         "name": "[Custom] Standard PGs",
         "description": "",
         "started": true
      },
      {
         "resourceKind": "Function",
         "membershipDefinition": {"ruleGroups": [{
            "resourceKind": "VirtualMachine",
            "adapterKind": "VMWARE",
            "rules": [
               {
                  "ruleRelationshipType": "DESCENDANT",
                  "ruleType": "RelationshipRule",
                  "ruleStringOperator": "EQUALS",
                  "ruleStringValue": "[Custom] Standard PGs"
               },
               {
                  "ruleRelationshipType": "DESCENDANT",
                  "ruleType": "RelationshipRule",
                  "ruleStringOperator": "NOT_EQUALS",
                  "ruleStringValue": "[Custom] NSX PGs"
               }
            ]
         }]},
         "adapterKind": "Container",
         "autoResolveMembership": true,
         "name": "[Custom] VMs on only Standard PGs",
         "description": "",
         "started": true
      },
      {
         "resourceKind": "Function",
         "membershipDefinition": {"ruleGroups": [{
            "resourceKind": "VirtualMachine",
            "adapterKind": "VMWARE",
            "rules": [
               {
                  "ruleRelationshipType": "DESCENDANT",
                  "ruleType": "RelationshipRule",
                  "ruleStringOperator": "EQUALS",
                  "ruleStringValue": "[Custom] Standard PGs"
               },
               {
                  "ruleRelationshipType": "DESCENDANT",
                  "ruleType": "RelationshipRule",
                  "ruleStringOperator": "EQUALS",
                  "ruleStringValue": "[Custom] NSX PGs"
               }
            ]
         }]},
         "adapterKind": "Container",
         "autoResolveMembership": true,
         "name": "[Custom] VMs on Both NSX and Standard PGs",
         "description": "",
         "started": true
      },
      {
         "resourceKind": "Function",
         "membershipDefinition": {"ruleGroups": [{
            "resourceKind": "VirtualMachine",
            "adapterKind": "VMWARE",
            "rules": [
               {
                  "ruleRelationshipType": "DESCENDANT",
                  "ruleType": "RelationshipRule",
                  "ruleStringOperator": "NOT_EQUALS",
                  "ruleStringValue": "[Custom] Standard PGs"
               },
               {
                  "ruleRelationshipType": "DESCENDANT",
                  "ruleType": "RelationshipRule",
                  "ruleStringOperator": "EQUALS",
                  "ruleStringValue": "[Custom] NSX PGs"
               }
            ]
         }]},
         "adapterKind": "Container",
         "autoResolveMembership": true,
         "name": "[Custom] VMs on only NSX PGs",
         "description": "",
         "started": true
      },
      {
         "resourceKind": "Function",
         "membershipDefinition": {"ruleGroups": [{
            "resourceKind": "DistributedVirtualPortgroup",
            "adapterKind": "VMWARE",
            "rules": [{
               "ruleType": "StringMetricPropertyRule",
               "ruleMetricKey": "config|backing_type",
               "isProperty": true,
               "ruleStringOperator": "EQUALS",
               "ruleStringValue": "nsx"
            }]
         }]},
         "adapterKind": "Container",
         "autoResolveMembership": true,
         "name": "[Custom] NSX PGs",
         "description": "",
         "started": true
      }
   ],
   "customGroupTypes": [{
      "resourceKind": "Function",
      "localization": [
         {
            "resourceKindName": "Funktion",
            "locale": "de"
         },
         {
            "resourceKindName": "功能",
            "locale": "zh_TW"
         },
         {
            "resourceKindName": "기능",
            "locale": "ko"
         },
         {
            "resourceKindName": "機能",
            "locale": "ja"
         },
         {
            "resourceKindName": "Function",
            "locale": "en"
         },
         {
            "resourceKindName": "功能",
            "locale": "zh_CN"
         },
         {
            "resourceKindName": "Fonction",
            "locale": "fr"
         },
         {
            "resourceKindName": "Función",
            "locale": "es"
         }
      ]
   }]
}