{
   "entries": {"resourceKind": [
      {
         "resourceKindKey": "Datacenter",
         "internalId": "resourceKind:id:1_::_",
         "adapterKindKey": "VMWARE"
      },
      {
         "resourceKindKey": "VirtualMachine",
         "internalId": "resourceKind:id:3_::_",
         "adapterKindKey": "VMWARE"
      },
      {
         "resourceKindKey": "vSphere World",
         "internalId": "resourceKind:id:0_::_",
         "adapterKindKey": "VMWARE"
      },
      {
         "resourceKindKey": "Datastore",
         "internalId": "resourceKind:id:2_::_",
         "adapterKindKey": "VMWARE"
      }
   ]},
   "dashboards": [{
      "shared": false,
      "temporary": false,
      "hidden": false,
      "creationTime": 1742481161505,
      "autoswitchEnabled": false,
      "importAttempts": 0,
      "lastUpdateUserId": "c60c3223-7fad-407f-9939-0fc45817233c",
      "columnProportion": "1-1",
      "importComplete": true,
      "description": "",
      "columnCount": 1,
      "widgets": [
         {
            "collapsed": false,
            "id": "1701c64e-f81f-4c3b-9459-cbedc3cd185e",
            "gridsterCoords": {
               "w": 2,
               "x": 1,
               "h": 4,
               "y": 1
            },
            "type": "TextDisplay",
            "title": "Text Display",
            "config": {
               "editorData": "This dashboard is intended to allow an administrator to identify virtual machines that may be contributing to storage performance issues.<div style=\"\"><br><\/div><div style=\"\">Start by selecting a scope to focus on, then select either a datastore or a host to view the top storage consuming vms from the selected point of view<\/div>",
               "title": "Text Display"
            },
            "height": 210
         },
         {
            "collapsed": false,
            "id": "cf5f25ea-8220-40fd-b785-16bb6e371791",
            "gridsterCoords": {
               "w": 2,
               "x": 1,
               "h": 12,
               "y": 5
            },
            "type": "ResourceList",
            "title": "Select a scope",
            "config": {
               "refreshInterval": 300,
               "resource": [],
               "refreshContent": {"refreshContent": true},
               "relationshipMode": {"relationshipMode": 0},
               "title": "Select a scope",
               "additionalColumns": [],
               "mode": "all",
               "filterMode": "tagPicker",
               "tagFilter": {
                  "path": [
                     "/source/kind/kind:resourceKind:id:0_::_",
                     "/source/kind/kind:resourceKind:id:1_::_"
                  ],
                  "value": {
                     "bus": [],
                     "adapterKind": [],
                     "kind": [
                        "resourceKind:id:0_::_",
                        "resourceKind:id:1_::_"
                     ],
                     "exclaim": false,
                     "healthRange": [],
                     "maintenanceSchedule": [],
                     "adapterInstance": [],
                     "collector": [],
                     "tier": [],
                     "state": [],
                     "tag": [],
                     "day": [],
                     "status": []
                  }
               },
               "depth": 1,
               "customFilter": {
                  "filter": [],
                  "excludedResources": null,
                  "includedResources": null
               },
               "selectFirstRow": {"selectFirstRow": true},
               "selfProvider": {"selfProvider": false}
            },
            "height": 665,
            "states": [{
               "value": "o%3Acolumns%3Da%253Ao%25253Aid%25253Ds%2525253Ah1%25255Ehidden%25253Db%2525253A1%25255Ewidth%25253Dn%2525253A100%255Eo%25253Aid%25253Ds%2525253Ah2%255Eo%25253Aid%25253Ds%2525253Ah3%25255Ehidden%25253Db%2525253A1%25255Ewidth%25253Dn%2525253A100%255Eo%25253Aid%25253Ds%2525253Ah4%255Eo%25253Aid%25253Ds%2525253Ah5%255Eo%25253Aid%25253Ds%2525253Ah6%255Eo%25253Aid%25253Ds%2525253Ah7%25255Ehidden%25253Db%2525253A1%25255Ewidth%25253Dn%2525253A100%255Eo%25253Aid%25253Ds%2525253Ah8%25255Ehidden%25253Db%2525253A1%25255Ewidth%25253Dn%2525253A100%255Eo%25253Aid%25253Ds%2525253Ah9%25255Ehidden%25253Db%2525253A1%25255Ewidth%25253Dn%2525253A100%255Eo%25253Aid%25253Ds%2525253Ah10%25255Ehidden%25253Db%2525253A1%25255Ewidth%25253Dn%2525253A100%255Eo%25253Aid%25253Ds%2525253Ah11%25255Ehidden%25253Db%2525253A1%25255Ewidth%25253Dn%2525253A100%255Eo%25253Aid%25253Ds%2525253Ah12%25255Ehidden%25253Db%2525253A1%25255Ewidth%25253Dn%2525253A100%255Eo%25253Aid%25253Ds%2525253Ah13%25255Ehidden%25253Db%2525253A1%25255Ewidth%25253Dn%2525253A100%255Eo%25253Aid%25253Ds%2525253Ah14%255Eo%25253Aid%25253Ds%2525253Ah15%25255Ehidden%25253Db%2525253A0%255Eo%25253Aid%25253Ds%2525253Ah16%25255Ehidden%25253Db%2525253A1%25255Ewidth%25253Dn%2525253A100%255Eo%25253Aid%25253Ds%2525253AresourceRating%25255Ehidden%25253Db%2525253A1%255Eo%25253Aid%25253Ds%2525253Ah18%25255Ehidden%25253Db%2525253A1%25255Ewidth%25253Dn%2525253A100%255Eo%25253Aid%25253Ds%2525253Ah19%25255Ehidden%25253Db%2525253A1%25255Ewidth%25253Dn%2525253A100%255Eo%25253Aid%25253Ds%2525253Ah20%25255Ehidden%25253Db%2525253A1%25255Ewidth%25253Dn%2525253A100%255Eo%25253Aid%25253Ds%2525253Ah21%25255Ehidden%25253Db%2525253A1%25255Ewidth%25253Dn%2525253A100%255Eo%25253Aid%25253Ds%2525253Ah22%25255Ehidden%25253Db%2525253A1%25255Ewidth%25253Dn%2525253A100%255Eo%25253Aid%25253Ds%2525253Ah23%25255Ehidden%25253Db%2525253A1%25255Ewidth%25253Dn%2525253A100%255Eo%25253Aid%25253Ds%2525253Ah24%25255Ehidden%25253Db%2525253A1%25255Ewidth%25253Dn%2525253A100%255Eo%25253Aid%25253Ds%2525253Ah25%25255Ehidden%25253Db%2525253A1%25255Ewidth%25253Dn%2525253A100%255Eo%25253Aid%25253Ds%2525253Ah26%25255Ehidden%25253Db%2525253A1%25255Ewidth%25253Dn%2525253A100%255Eo%25253Aid%25253Ds%2525253Ah27%25255Ehidden%25253Db%2525253A1%25255Ewidth%25253Dn%2525253A100%255Eo%25253Aid%25253Ds%2525253Ah28%25255Ehidden%25253Db%2525253A1%25255Ewidth%25253Dn%2525253A100%255Eo%25253Aid%25253Ds%2525253Ah29%25255Ehidden%25253Db%2525253A1%25255Ewidth%25253Dn%2525253A100%255Eo%25253Aid%25253Ds%2525253Ah30%25255Ehidden%25253Db%2525253A1%25255Ewidth%25253Dn%2525253A100%255Eo%25253Aid%25253Ds%2525253Ah31%25255Ehidden%25253Db%2525253A1%25255Ewidth%25253Dn%2525253A100%255Eo%25253Aid%25253Ds%2525253Ah32%25255Ehidden%25253Db%2525253A1%25255Ewidth%25253Dn%2525253A100%255Eo%25253Aid%25253Ds%2525253Ah33%25255Ehidden%25253Db%2525253A1%25255Ewidth%25253Dn%2525253A100%255Eo%25253Aid%25253Ds%2525253Ah34%25255Ehidden%25253Db%2525253A1%25255Ewidth%25253Dn%2525253A100%255Eo%25253Aid%25253Ds%2525253Ah35%25255Ehidden%25253Db%2525253A1%25255Ewidth%25253Dn%2525253A100%255Eo%25253Aid%25253Ds%2525253Ah36%25255Ehidden%25253Db%2525253A1%25255Ewidth%25253Dn%2525253A100%255Eo%25253Aid%25253Ds%2525253Ah37%25255Ehidden%25253Db%2525253A1%25255Ewidth%25253Dn%2525253A100%255Eo%25253Aid%25253Ds%2525253Ah38%25255Ehidden%25253Db%2525253A1%25255Ewidth%25253Dn%2525253A100%255Eo%25253Aid%25253Ds%2525253Ah39%25255Ehidden%25253Db%2525253A1%25255Ewidth%25253Dn%2525253A100%255Eo%25253Aid%25253Ds%2525253Ah40%25255Ehidden%25253Db%2525253A1%25255Ewidth%25253Dn%2525253A100%255Eo%25253Aid%25253Ds%2525253Ah41%25255Ehidden%25253Db%2525253A1%25255Ewidth%25253Dn%2525253A100%255Eo%25253Aid%25253Ds%2525253Ah42%25255Ehidden%25253Db%2525253A1%25255Ewidth%25253Dn%2525253A100%255Eo%25253Aid%25253Ds%2525253Ah43%25255Ehidden%25253Db%2525253A1%25255Ewidth%25253Dn%2525253A100%255Eo%25253Aid%25253Ds%2525253Ah44%25255Ehidden%25253Db%2525253A1%25255Ewidth%25253Dn%2525253A100%255Eo%25253Aid%25253Ds%2525253Ah45%25255Ehidden%25253Db%2525253A1%25255Ewidth%25253Dn%2525253A100%255Eo%25253Aid%25253Ds%2525253Ah46%25255Ehidden%25253Db%2525253A1%25255Ewidth%25253Dn%2525253A100%255Eo%25253Aid%25253Ds%2525253Ah47%25255Ehidden%25253Db%2525253A1%25255Ewidth%25253Dn%2525253A100%5EstoreState%3Do%253Asorters%253Da%25253Ao%2525253Aroot%2525253Ds%252525253Adata%2525255Eproperty%2525253Ds%252525253AresourceKind%2525255Edirection%2525253Ds%252525253AASC%2525255Eid%2525253Ds%252525253AresourceKind",
               "key": "permResGrid_widget_0dfbd259-f8fd-4b03-b0fc-a4007aea3319_cf5f25ea-8220-40fd-b785-16bb6e371791"
            }]
         },
         {
            "collapsed": false,
            "id": "1b39f449-88ef-4e73-9bdc-6bc0a60a8977",
            "gridsterCoords": {
               "w": 4,
               "x": 3,
               "h": 8,
               "y": 1
            },
            "type": "View",
            "title": "Datastores in selected scope",
            "config": {
               "refreshInterval": 300,
               "resource": null,
               "traversalSpecId": "",
               "refreshContent": {"refreshContent": false},
               "isUpdatedView": true,
               "chartViewItems": [],
               "selectFirstRow": {"selectFirstRow": true},
               "selfProvider": {"selfProvider": false},
               "title": "Datastores in selected scope",
               "viewDefinitionId": "731ecdab-4dca-4188-9c05-a78684331b3a"
            },
            "height": 437,
            "states": [{
               "value": "o%3Acolumns%3Da%253Ao%25253Aid%25253Ds%2525253ApermTableView_widget_0dfbd259-f8fd-4b03-b0fc-a4007aea3319_1b39f449-88ef-4e73-9bdc-6bc0a60a8977-column-0%25255Ehidden%25253Db%2525253A0%255Eo%25253Aid%25253Ds%2525253ApermTableView_widget_0dfbd259-f8fd-4b03-b0fc-a4007aea3319_1b39f449-88ef-4e73-9bdc-6bc0a60a8977-column-devices%2525253AAggregate%25252520of%25252520all%25252520instances%2525257CtotalLatency_average1%25255Ehidden%25253Db%2525253A0%255Eo%25253Aid%25253Ds%2525253ApermTableView_widget_0dfbd259-f8fd-4b03-b0fc-a4007aea3319_1b39f449-88ef-4e73-9bdc-6bc0a60a8977-column-devices%2525253AAggregate%25252520of%25252520all%25252520instances%2525257CtotalReadLatency_average2%25255Ehidden%25253Db%2525253A0%255Eo%25253Aid%25253Ds%2525253ApermTableView_widget_0dfbd259-f8fd-4b03-b0fc-a4007aea3319_1b39f449-88ef-4e73-9bdc-6bc0a60a8977-column-devices%2525253AAggregate%25252520of%25252520all%25252520instances%2525257CtotalWriteLatency_average3%25255Ehidden%25253Db%2525253A0%255Eo%25253Aid%25253Ds%2525253ApermTableView_widget_0dfbd259-f8fd-4b03-b0fc-a4007aea3319_1b39f449-88ef-4e73-9bdc-6bc0a60a8977-column-devices%2525253AAggregate%25252520of%25252520all%25252520instances%2525257Cusage_average4%25255Ehidden%25253Db%2525253A0%255Eo%25253Aid%25253Ds%2525253ApermTableView_widget_0dfbd259-f8fd-4b03-b0fc-a4007aea3319_1b39f449-88ef-4e73-9bdc-6bc0a60a8977-column-devices%2525253AAggregate%25252520of%25252520all%25252520instances%2525257CcommandsAveraged_average5%25255Ehidden%25253Db%2525253A0%255Eo%25253Aid%25253Ds%2525253ApermTableView_widget_0dfbd259-f8fd-4b03-b0fc-a4007aea3319_1b39f449-88ef-4e73-9bdc-6bc0a60a8977-column-datastore%2525257Chostcount6%25255Ehidden%25253Db%2525253A0%255Eo%25253Aid%25253Ds%2525253ApermTableView_widget_0dfbd259-f8fd-4b03-b0fc-a4007aea3319_1b39f449-88ef-4e73-9bdc-6bc0a60a8977-column-summary%2525257Ctotal_number_vms7%25255Ehidden%25253Db%2525253A0",
               "key": "permTableView_widget_0dfbd259-f8fd-4b03-b0fc-a4007aea3319_1b39f449-88ef-4e73-9bdc-6bc0a60a8977"
            }]
         },
         {
            "collapsed": false,
            "id": "db48429c-ae2c-4f16-970b-68c16852199d",
            "gridsterCoords": {
               "w": 4,
               "x": 3,
               "h": 8,
               "y": 9
            },
            "type": "View",
            "title": "Hosts in selected scope",
            "config": {
               "refreshInterval": 300,
               "resource": null,
               "traversalSpecId": "",
               "refreshContent": {"refreshContent": false},
               "isUpdatedView": true,
               "chartViewItems": [],
               "selectFirstRow": {"selectFirstRow": false},
               "selfProvider": {"selfProvider": false},
               "title": "Hosts in selected scope",
               "viewDefinitionId": "731ecdab-4dca-4188-9c05-a78684331b3a"
            },
            "height": 437,
            "states": [{
               "value": "o%3Acolumns%3Da%253Ao%25253Aid%25253Ds%2525253ApermTableView_widget_0dfbd259-f8fd-4b03-b0fc-a4007aea3319_db48429c-ae2c-4f16-970b-68c16852199d-column-0%25255Ehidden%25253Db%2525253A0%255Eo%25253Aid%25253Ds%2525253ApermTableView_widget_0dfbd259-f8fd-4b03-b0fc-a4007aea3319_db48429c-ae2c-4f16-970b-68c16852199d-column-devices%2525253AAggregate%25252520of%25252520all%25252520instances%2525257CtotalLatency_average1%25255Ehidden%25253Db%2525253A0%255Eo%25253Aid%25253Ds%2525253ApermTableView_widget_0dfbd259-f8fd-4b03-b0fc-a4007aea3319_db48429c-ae2c-4f16-970b-68c16852199d-column-devices%2525253AAggregate%25252520of%25252520all%25252520instances%2525257CtotalReadLatency_average2%25255Ehidden%25253Db%2525253A0%255Eo%25253Aid%25253Ds%2525253ApermTableView_widget_0dfbd259-f8fd-4b03-b0fc-a4007aea3319_db48429c-ae2c-4f16-970b-68c16852199d-column-devices%2525253AAggregate%25252520of%25252520all%25252520instances%2525257CtotalWriteLatency_average3%25255Ehidden%25253Db%2525253A0%255Eo%25253Aid%25253Ds%2525253ApermTableView_widget_0dfbd259-f8fd-4b03-b0fc-a4007aea3319_db48429c-ae2c-4f16-970b-68c16852199d-column-devices%2525253AAggregate%25252520of%25252520all%25252520instances%2525257Cusage_average4%25255Ehidden%25253Db%2525253A0%255Eo%25253Aid%25253Ds%2525253ApermTableView_widget_0dfbd259-f8fd-4b03-b0fc-a4007aea3319_db48429c-ae2c-4f16-970b-68c16852199d-column-devices%2525253AAggregate%25252520of%25252520all%25252520instances%2525257CcommandsAveraged_average5%25255Ehidden%25253Db%2525253A0%255Eo%25253Aid%25253Ds%2525253ApermTableView_widget_0dfbd259-f8fd-4b03-b0fc-a4007aea3319_db48429c-ae2c-4f16-970b-68c16852199d-column-datastore%2525257Chostcount6%25255Ehidden%25253Db%2525253A0%255Eo%25253Aid%25253Ds%2525253ApermTableView_widget_0dfbd259-f8fd-4b03-b0fc-a4007aea3319_db48429c-ae2c-4f16-970b-68c16852199d-column-summary%2525257Ctotal_number_vms7%25255Ehidden%25253Db%2525253A0",
               "key": "permTableView_widget_0dfbd259-f8fd-4b03-b0fc-a4007aea3319_db48429c-ae2c-4f16-970b-68c16852199d"
            }]
         },
         {
            "collapsed": false,
            "id": "8f68609b-f4b0-454f-90e4-8edd5433489f",
            "gridsterCoords": {
               "w": 4,
               "x": 7,
               "h": 6,
               "y": 1
            },
            "type": "Heatmap",
            "title": "Storage IO Heatmap",
            "config": {
               "mode": "all",
               "configs": [{
                  "colorBy": {
                     "metricKey": "virtualDisk:Aggregate of all instances|totalLatency",
                     "value": "Virtual Disk:Aggregate of all Instances|Total Latency (ms)"
                  },
                  "focusOnGroups": true,
                  "color": {
                     "thresholds": {
                        "values": [
                           0,
                           50,
                           100
                        ],
                        "colors": [
                           "#74B43B",
                           "#ECC33E",
                           "#DE3F30"
                        ]
                     },
                     "maxValue": 20
                  },
                  "sizeBy": {
                     "metricKey": "virtualDisk:Aggregate of all instances|usage",
                     "value": "Virtual Disk:Aggregate of all Instances|Total Throughput (KBps)"
                  },
                  "relationalGrouping": false,
                  "groupBy": {
                     "originalText": "Datastore",
                     "resourceKind": "Datastore",
                     "adapterKind": "VMWARE",
                     "typeId": "resourceKind:id:2_::_",
                     "id": "004null002006VMWAREDatastore",
                     "text": "Datastore",
                     "type": "resourceKind",
                     "parentText": "vCenter",
                     "parentId": "VMWARE"
                  },
                  "attributeKind": {"value": ""},
                  "thenBy": null,
                  "mode": {"mode": false},
                  "resourceKind": "resourceKind:id:3_::_",
                  "filterMode": "tagPicker",
                  "solidColoring": false,
                  "name": "Throughput by Latency",
                  "id": "extModel7331-1"
               }],
               "depth": 10,
               "refreshInterval": 300,
               "resource": [],
               "refreshContent": {"refreshContent": true},
               "relationshipMode": {"relationshipMode": [
                  1,
                  -1,
                  0
               ]},
               "selfProvider": {"selfProvider": false},
               "title": "Storage IO Heatmap",
               "value": 0
            },
            "height": 324,
            "states": [{
               "value": "o%3A",
               "key": "perm_HeatMap_widget_0dfbd259-f8fd-4b03-b0fc-a4007aea3319_8f68609b-f4b0-454f-90e4-8edd5433489f"
            }]
         },
         {
            "collapsed": false,
            "id": "b9e362a8-96f3-4427-b016-d4cd6ab73422",
            "gridsterCoords": {
               "w": 2,
               "x": 7,
               "h": 10,
               "y": 7
            },
            "type": "ParetoAnalysis",
            "title": "Top-10 VM IOPs consumers",
            "config": {
               "percentileValue": null,
               "regenerationTime": 15,
               "barsCount": 10,
               "metricName": "Total IOPs",
               "topOption": "metricsHighestUtilization",
               "refreshInterval": 300,
               "resource": [],
               "refreshContent": {"refreshContent": false},
               "relationshipMode": {"relationshipMode": [
                  1,
                  -1
               ]},
               "title": "Top-10 VM IOPs consumers",
               "additionalColumns": [],
               "roundDecimals": 0,
               "metricUnit": {
                  "metricUnitId": -1,
                  "metricUnitName": "Auto"
               },
               "mode": "all",
               "resourceKind": [{"id": "resourceKind:id:3_::_"}],
               "filterMode": "tagPicker",
               "tagFilter": null,
               "depth": 10,
               "metric": {
                  "metricKey": "virtualDisk:Aggregate of all instances|commandsAveraged_average",
                  "name": "Virtual Disk:Aggregate of all instances|Total IOPS"
               },
               "customFilter": {
                  "filter": [],
                  "excludedResources": null,
                  "includedResources": null
               },
               "selfProvider": {"selfProvider": false},
               "filterOldMetrics": {"filterOldMetrics": false}
            },
            "height": 551
         },
         {
            "collapsed": false,
            "id": "57e3f9b6-9b2a-41ec-b711-36db3518dee5",
            "gridsterCoords": {
               "w": 2,
               "x": 9,
               "h": 10,
               "y": 7
            },
            "type": "ParetoAnalysis",
            "title": "Top-10 VM IO Throughput Consumers",
            "config": {
               "percentileValue": null,
               "regenerationTime": 15,
               "barsCount": 10,
               "metricName": "Throughput",
               "topOption": "metricsHighestUtilization",
               "refreshInterval": 300,
               "resource": [],
               "refreshContent": {"refreshContent": false},
               "relationshipMode": {"relationshipMode": [
                  1,
                  -1
               ]},
               "title": "Top-10 VM IO Throughput Consumers",
               "additionalColumns": [],
               "roundDecimals": 0,
               "metricUnit": {
                  "metricUnitId": -1,
                  "metricUnitName": "Auto"
               },
               "mode": "all",
               "resourceKind": [{"id": "resourceKind:id:3_::_"}],
               "filterMode": "tagPicker",
               "tagFilter": null,
               "depth": 10,
               "metric": {
                  "metricKey": "virtualDisk:Aggregate of all instances|usage",
                  "name": "Virtual Disk:Aggregate of all Instances|Total Throughput (KBps)"
               },
               "customFilter": {
                  "filter": [],
                  "excludedResources": null,
                  "includedResources": null
               },
               "selfProvider": {"selfProvider": false},
               "filterOldMetrics": {"filterOldMetrics": false}
            },
            "height": 551
         }
      ],
      "userId": "c60c3223-7fad-407f-9939-0fc45817233c",
      "states": [],
      "homeTab": false,
      "name": "[Custom] Noisy Neighbor - VM Storage",
      "gridsterMaxColumns": 12,
      "rank": 0,
      "disabled": false,
      "id": "0dfbd259-f8fd-4b03-b0fc-a4007aea3319",
      "locked": false,
      "dashboardNavigations": {},
      "widgetInteractions": [
         {
            "widgetIdProvider": "cf5f25ea-8220-40fd-b785-16bb6e371791",
            "type": "resourceId",
            "widgetIdReceiver": "1b39f449-88ef-4e73-9bdc-6bc0a60a8977"
         },
         {
            "widgetIdProvider": "cf5f25ea-8220-40fd-b785-16bb6e371791",
            "type": "resourceId",
            "widgetIdReceiver": "db48429c-ae2c-4f16-970b-68c16852199d"
         },
         {
            "widgetIdProvider": "1b39f449-88ef-4e73-9bdc-6bc0a60a8977",
            "type": "resourceId",
            "widgetIdReceiver": "b9e362a8-96f3-4427-b016-d4cd6ab73422"
         },
         {
            "widgetIdProvider": "1b39f449-88ef-4e73-9bdc-6bc0a60a8977",
            "type": "resourceId",
            "widgetIdReceiver": "57e3f9b6-9b2a-41ec-b711-36db3518dee5"
         },
         {
            "widgetIdProvider": "1b39f449-88ef-4e73-9bdc-6bc0a60a8977",
            "type": "resourceId",
            "widgetIdReceiver": "8f68609b-f4b0-454f-90e4-8edd5433489f"
         },
         {
            "widgetIdProvider": "db48429c-ae2c-4f16-970b-68c16852199d",
            "type": "resourceId",
            "widgetIdReceiver": "8f68609b-f4b0-454f-90e4-8edd5433489f"
         },
         {
            "widgetIdProvider": "db48429c-ae2c-4f16-970b-68c16852199d",
            "type": "resourceId",
            "widgetIdReceiver": "b9e362a8-96f3-4427-b016-d4cd6ab73422"
         },
         {
            "widgetIdProvider": "db48429c-ae2c-4f16-970b-68c16852199d",
            "type": "resourceId",
            "widgetIdReceiver": "57e3f9b6-9b2a-41ec-b711-36db3518dee5"
         }
      ],
      "lastUpdateTime": 1742836676049
   }],
   "uuid": "c350ca6a-4c4c-4e2a-b42d-3074bc7f9c02"
}